Machine_ID,Scheduled_Hours,Actual_Uptime_Hours,Uptime_Percentage,Downtime_Duration,Number_of_Breakdowns,MTBF_Hours,MTTR_Hours,Energy_Consumption_kWh,Output_Quantity,Reject_Quantity,Maintenance_Parts_Cost,Utilization_Rate,Net_Profit,DownTime_Cost
MCH001,188,159.49695250700995,85.19641684882501,5.89597488171306,0,59.54613639299635,3.102342797391623,4000.451008306508,4764,36,2273.6122105218265,80.09862599051061,29628.713485160795,3323.952480329967
MCH002,178,158.40830624683394,94.95306058025066,9.78983617804701,2,174.70602715785645,1.1613321931469436,3647.8323801364077,4627,26,3215.0038829541563,60.57524943936612,45069.84266004886,3664.6376821828335
MCH003,164,140.3921121946009,87.67053950304627,17.49717760275923,3,139.8467762265816,4.150056964700619,5482.107865077536,4353,28,4107.579319360872,92.11925205236415,16822.44246025863,3953.8779962877984
MCH004,192,156.03109895427838,99.41605476204182,14.816212325559853,1,67.23994955893502,3.361796182236778,4525.675684873506,2710,19,2612.8339940553515,99.2317522165834,26251.182452532135,1294.170238331279
MCH005,157,153.9102840638424,87.2299409162967,15.11142390279964,0,64.07859272350343,2.2467456775714796,4130.016265663928,3209,24,2401.952152050312,84.23704781656988,19594.799561163498,1598.8845849814475
MCH006,170,166.95100588313298,91.21936185590536,9.084373354513431,1,186.44402291548886,3.5335863299122834,2461.5785687156695,3398,5,4980.370251176637,80.14833548336283,47846.476268435814,2467.3597632709475
MCH007,188,168.10561905205861,86.28024502117965,7.572764858392295,3,150.38003944071176,1.6695724065927477,4422.551557293646,1433,35,547.2213851297499,95.13663452179847,42064.05176388909,409.59717461510985
MCH008,168,132.71824058632268,99.95311377768921,8.049736496707451,3,174.39301989751334,2.053364938223947,2468.815622720934,3899,1,4527.793799830606,98.10067158738394,36905.06800968708,3094.593463735106
MCH009,172,152.4767568775883,92.53292515496864,19.765341710985098,4,181.8468350423401,4.628686294093956,3348.826302263008,1139,21,1171.1337167288184,90.18147663609842,31443.21439767989,4920.301665011213
MCH010,160,167.5515949428542,93.93077525980065,1.7620746368371671,3,135.76585280724834,1.8072702755213919,2571.3678592573274,2494,31,4036.6637429401103,77.81811718937152,41926.630519586666,1867.9509257522125
MCH011,160,160.18817551480527,86.00614716082642,17.47359842632652,2,127.6169527632562,2.6149472067107147,4768.294588097476,4203,15,3280.692019308341,83.68885597325762,22652.016868559618,3788.9526279477814
MCH012,173,181.38939047129935,96.24940705598766,11.994832762875475,0,114.56411154814853,4.505635118282066,2825.0084553446104,1086,17,2038.3127847414144,88.03741460071997,25139.833479772784,2550.166186291079
MCH013,185,169.5216178971367,88.14858389643379,9.33369296460222,4,97.5419881686679,3.6847460762038735,3567.437492752104,2711,4,4432.437299844582,67.77094284007205,37850.07744863877,726.2780373658754
MCH014,189,139.77606562488577,98.4708143416107,14.779895547887593,2,115.18939412880677,0.7799145177411624,5582.699110475114,3230,35,558.0825259144639,77.88804128865752,21098.96434821714,2952.963499132673
MCH015,173,134.23412484402579,88.07709460723011,10.246709887069354,1,166.08194835952344,1.1628636992553665,2817.265533595881,3415,29,1520.1079343371566,93.1928505886914,7875.5423921768215,1569.3839153759181
MCH016,152,168.54515669237895,87.860315809955,17.59504152355155,0,140.28851465226973,0.5352871584736256,4031.2202558351164,1128,44,3051.017583122912,86.18901393993772,8345.057399873216,268.57572142194533
MCH017,171,131.59067863249732,85.54824501772143,18.11333541621391,3,183.87849349322693,3.3391480560312354,3677.086644664088,2269,18,2081.940170223641,76.44816268847416,10191.326058756673,3211.1556775769445
MCH018,151,165.1465348764078,92.08100417664998,9.012697610595653,0,116.50700215687816,2.5145304143468823,2072.496164182919,4672,22,3246.6987289324743,86.53450136058726,44135.65955046482,4308.768511691165
MCH019,173,186.41381448549745,93.47261699893924,6.25972814746598,1,141.0634368078131,1.1042368290602398,5171.032454291251,2601,33,608.4958703390007,64.72889648289839,26250.189159029196,1789.3718578093833
MCH020,193,164.52845067255274,85.98562959142528,12.254656243273882,4,144.6961329637983,4.810703544755467,2276.183625258399,1669,12,1024.0651871677064,76.05990442259505,37079.70662051314,2012.4481813425755
MCH021,179,153.29019557239133,96.63291425042516,18.334903566717127,4,138.7545743459488,2.8834687577552893,3897.0200839078143,4970,42,1071.9330809829767,91.72514151852226,22680.920102220196,4466.006246539337
MCH022,187,168.5972931065412,91.7993325212204,5.002581591107665,4,155.39506596282746,1.5885198235080014,4242.7131797557995,4449,28,1351.7764066220425,68.82035148546592,16641.99263370355,4086.683185500044
MCH023,151,157.495173429491,92.8658540399137,12.836365087706174,3,85.61502025622094,2.752716070196184,4513.705826458348,1148,35,2566.9914836024427,67.4384603022967,20623.647540299535,3603.268835403708
MCH024,170,162.7370073589561,91.61144120407343,12.99964418175789,2,126.8545666318686,3.558291497307985,4754.526517231502,1984,21,3884.5791479460704,98.03274639665726,40738.20553927326,1319.1056123904248
MCH025,182,186.48788852659152,91.01144591312989,14.929147425890338,2,65.63372042125215,0.8430764808810401,3013.08953409086,1851,46,4574.924770680055,68.39590518344923,33134.725626414714,4560.061609336558
MCH026,161,153.16615826804644,93.39460496962327,3.4997860174179363,0,107.67669914672189,1.736167167715514,2039.9151066337974,2456,35,4259.176386279107,70.43674318600672,47193.790098105594,856.6372119421437
MCH027,171,187.67143382943485,87.32860368896068,14.600674328959682,3,123.15006029318967,4.131344708977972,4893.774649419648,1627,8,1385.9954229905761,98.78463755617352,35586.71503595753,3171.175545144387
MCH028,193,184.32103851736383,87.72892195742907,18.27161789264718,4,147.83363893182087,2.5684919168119755,4142.626397390314,4797,38,2485.1774850378456,89.38834281060103,30658.17342896123,241.12578467794162
MCH029,174,141.7474680873578,97.92678431520275,4.413979068534598,4,192.57965788793052,2.959597139145327,5344.470812828995,2492,18,1397.3521899134075,87.98386132094113,32458.820404362552,3254.2270509922346
MCH030,198,134.16167805250993,99.19173193200449,5.513323173553675,1,140.0976599822534,2.447672009942612,5285.5534516027765,3493,37,1690.1231750023585,94.11705535418325,47406.71477607866,1458.0073241794632
MCH031,176,136.0466800826456,90.5996397441963,19.456506786791152,1,161.53908742648397,0.697549741893523,5373.304671151533,3044,5,2765.9614168034877,64.63292328947178,40469.041844001775,2303.417188200228
MCH032,191,131.09330953909299,89.06117009715331,4.438562101480306,4,125.93990892428042,1.2458740091907017,3940.378639918161,4552,46,806.4906112558515,88.23824946320029,6081.855681489702,1791.7963050795602
MCH033,177,135.66657764535572,94.65999314858524,17.233316774022004,4,145.1156047064497,2.504937374338509,3334.5135833474624,1883,14,1481.7844831697294,80.14754437312956,29036.286326106376,946.5081056064284
MCH034,165,170.9804064049814,91.13101256647144,10.353279272512662,3,60.639832420066014,1.4413345943356752,5166.23281036548,3341,19,4709.201725882028,93.1660256113656,35975.22851959542,3147.705871459983
MCH035,164,134.27131890761373,85.38079533490517,5.697390413660364,2,88.15873712627705,0.7249056289685543,3805.17645211702,2788,8,2597.5233169632,80.32566874660778,38691.431529761976,4421.680220188977
MCH036,196,149.1385378176257,87.34228896049285,17.544248124177717,1,104.2779639807708,4.296423488233207,2733.768785613738,4214,31,2504.239366900425,84.80965417075649,14591.39536912715,4799.512787183777
MCH037,193,180.69251865816727,95.73958343271096,9.460799845050644,2,120.87400325097704,4.915366381238521,5419.896078245898,1249,3,565.552196380755,79.10968505598143,44022.98095031085,1042.4971794541839
MCH038,152,131.39631614414955,94.88385912865228,10.781529724664114,3,56.84731182535756,4.0691429329853275,5530.239507089389,3925,49,1613.298861762556,79.12635694223377,48012.94162288237,3615.12659290857
MCH039,186,178.86810895533614,85.40643988755225,7.825434018595548,4,71.00361463299765,4.342032147671002,3865.2390245606803,1947,17,4398.315961919816,90.71879912247326,15652.18876301914,3355.262896367843
MCH040,156,146.91128648640398,88.32958242899424,12.266066177263621,2,91.52214616869587,1.5888970864267042,2302.79890923915,1974,4,1240.8279271640095,85.14265602589133,44717.69558827606,1782.5511689154055
MCH041,170,137.08988965729938,88.46612194882107,4.106953579115433,4,195.7299036351576,4.822821389809399,3551.304359667725,2325,19,2368.0622279062445,85.33052806437641,9364.044313224293,193.58607683325658
MCH042,158,171.80422992184904,95.07839115398093,8.430549196383453,4,99.70205106545762,1.3861656700404277,5214.150637850414,4096,22,564.4890764015056,78.01129935326102,7506.807625186033,3479.977111833044
MCH043,188,167.73657080679305,85.29565806631547,19.418834124370463,0,122.30615871681238,4.7814341466282455,5607.096114184915,3836,10,2652.5096675175014,81.2443798535011,10815.071004623722,4732.924816741551
MCH044,167,182.6483208116232,86.56162872976861,5.9045352213214235,2,79.41465691075894,4.97668682284678,2813.8909699903834,1983,36,594.5949802679772,89.82870664819148,7598.3485760166195,3197.388597386692
MCH045,153,174.10426262823313,96.99874128059784,13.477996626284552,2,141.61701066136524,3.702752625857219,2267.8944481010863,1888,21,4188.242988796099,93.03763676447673,43025.550672009915,2232.934348519407
MCH046,174,178.20885582309091,87.678169930815,7.178611220269203,4,92.10248232739615,4.915146793063198,5509.401812531354,3937,3,4211.841953691966,87.86245608576185,7657.256500622238,2673.254081146979
MCH047,163,146.92207435427838,94.79119161777813,15.695989388045412,3,81.04888676576402,3.0629290080519667,3557.619755915501,4972,28,4044.8398473606644,96.96291955382733,17224.8886113645,1078.181157533596
MCH048,199,140.64637262678337,88.5727417157009,3.486599553648647,0,127.48589426689686,1.6679380242924065,4167.043857070254,3117,43,1775.138310010032,92.81296352588804,9669.035459113536,3777.666402393314
MCH049,158,175.0368850984515,86.49162089139018,19.42659985649235,4,50.82586987406312,2.4664814854952937,5872.263248203036,3672,33,4267.567481998181,82.47455159238073,18293.991634119426,3757.45716704826
MCH050,175,178.41008435603584,88.64758286499182,9.622001286289146,1,51.149604897383796,3.171024209204537,2266.2589116568915,1874,12,2943.491596723712,86.85624290574947,9075.176042041421,813.0347718983822
MCH051,151,189.4303085200404,95.83400397783488,5.484958803582815,1,82.86032136527866,0.8288670291215674,4593.272029808382,4183,41,2182.1364899015107,97.05233107684785,35060.146283435635,4402.09407424833
MCH052,169,154.7570606146856,97.83544702159429,2.3964381992702406,0,55.50820437512317,3.3005446907776075,2296.4216902994685,4435,8,3313.9848186690483,84.76672176972234,10999.706735415883,1419.0297234191958
MCH053,177,152.32108514756698,97.45329796850487,4.225400196663275,3,66.20386311960371,4.915300265430325,3501.875713866001,2326,41,555.534707271683,92.99227791919323,43333.06666274995,4913.0546985894125
MCH054,196,176.58477764451982,90.95775294427682,10.875705022564336,4,100.82909740081274,1.3554844240267743,5215.258180773787,1470,30,1143.3239492033847,87.55242014359948,41773.59728269884,1976.2247687825045
MCH055,156,150.44821241518108,95.0212770485597,7.40306035219444,2,170.3878519369719,4.066678023297725,3733.8889310225377,2987,6,3840.3209217661824,82.07745444241866,5614.775846177424,971.6318877990483
MCH056,193,185.8454395362139,88.07476443123731,16.748783951769582,0,135.80729650539513,4.5855445720082875,5988.729415611801,1090,3,1598.7272392226885,69.67352781661413,45307.68599818015,1823.4285455936963
MCH057,157,181.5047651105807,89.3972159539152,9.186862949574312,3,126.90015889346246,4.746657167690993,4236.237139786408,1529,18,3191.041027979373,77.03990077873712,6302.494253451518,2256.8836106162466
MCH058,196,155.7396416425011,98.4450372778168,5.725571179164968,2,94.02332348121826,4.820610219824513,3284.648610543814,1660,41,2232.9617127036336,98.70971299334863,15784.060323090047,439.6080878876447
MCH059,184,175.05226406748983,85.19502885266104,12.725754745476571,1,189.76305791492246,2.846568374246624,2880.4453036190125,1738,29,4346.6260045966765,86.310615330904,6457.511199919778,2933.2700679941186
MCH060,163,175.27257244508093,86.28262796281702,14.428767120823471,1,109.55225618557876,4.897885585961767,3402.0821371446473,3773,30,4785.868876984896,82.5758152135596,20112.956916769217,3028.3989553576116
MCH061,166,136.18743213015597,88.11829382719041,4.1737962501180474,2,63.06391501936572,3.907895932104975,3490.1330950382035,1871,34,4476.041277665857,97.3182650211291,28123.993657097224,3720.759231212414
MCH062,185,184.153174400774,85.3979830581073,4.184765109478036,0,142.5599774176702,1.2275214630663285,2274.8547108958437,2686,20,1717.789976121185,83.46047124149794,40849.01910568121,242.93247222464214
MCH063,199,160.31514234687143,87.72153152634696,1.6967571117373166,1,67.07575902149021,2.646050479105865,3478.296797707093,1191,30,1373.7329107073701,81.04330073669612,20209.169771142624,2752.0672507257677
MCH064,189,179.58744796646448,93.74562341454538,14.99163828624717,4,101.78347142025382,3.732490289174018,3856.9540789568996,2986,18,2634.9570212933077,90.37243420600821,36747.05111029025,359.24642302625546
MCH065,153,149.2029760618367,91.32136825888747,13.612286024814297,2,126.11179080767133,1.613031421185875,4890.951008955219,4623,30,533.0036787628112,88.50662475946177,13437.700570354114,3535.6066778366016
MCH066,151,183.73139370977202,98.39007566615462,10.017986639246464,2,181.13337870277638,3.382768325969993,4626.917938886432,4313,31,616.1422678843178,67.7264003363373,38776.93055348569,373.0671299348239
MCH067,155,153.3521007240498,97.2616534260766,17.039238530414746,1,124.0319870510178,3.4997021557097865,4835.062620916617,3185,1,2989.8078783035003,78.85233098296484,15619.847265915689,4567.466456874
MCH068,191,130.6502590888179,90.12726027546815,16.307732906051008,0,155.33881490474965,1.2321488471385464,2033.4547275074283,1344,9,2842.022318743787,78.9006177127834,11459.514017469555,3540.204577734033
MCH069,153,184.32291858515583,88.89135150146939,12.121732923538291,4,198.92252584986056,3.042883906037403,2870.6695983221443,4251,1,4975.61895065867,75.12898060973379,13343.398266832444,2586.20984891727
MCH070,178,135.47720060716802,90.695386122509,17.497154329751915,0,69.72336798469725,3.9723210994037346,4646.737153599426,2008,1,1408.2882591369116,80.69173928609013,13192.840799683492,2263.3692240777573
MCH071,167,149.15881825542488,93.85442413772212,4.910982990698597,3,91.20972882792793,2.7450304904117386,3935.9574727189884,4783,23,1661.467681222108,76.52429590908577,28078.8295719646,740.2958890249856
MCH072,175,187.0037180230483,89.02095461234315,3.1264727685568294,3,109.18641133964695,0.5544640254924834,2021.253902673384,3550,16,1010.9328904682901,67.97381957884733,43015.891153466575,1525.897008866849
MCH073,193,187.03642881625336,94.362233617737,6.125242618822803,1,113.2742267808247,0.5406731108568148,5217.978569727289,1202,31,4628.943543441851,76.49465949098725,8582.228464662752,4357.899614602392
MCH074,183,164.40627328739717,91.1411747828686,2.084650265696982,1,111.65316128983187,2.106632047865055,5091.23829316135,1572,15,4000.1506000630284,62.891077902927066,36813.03433220402,4531.8187766562205
MCH075,159,167.91023273018794,93.2807077127797,11.092221032019609,1,186.14165038348324,4.667873307943019,4193.6766519742505,1191,15,4200.526001555814,83.03143451097647,34445.59068437859,103.66377101560221
MCH076,185,156.9067313186992,91.54189793702974,18.795508153604267,3,157.10489667002847,1.5290455082162395,2265.8533031050883,3052,45,4562.437045840289,94.14618195764447,44263.39783232131,3011.268318240001
MCH077,163,147.59264630188386,89.41698639312877,1.7475272727016833,0,141.18578211360557,3.354636599922592,5066.060198130339,2913,38,2862.049940266272,89.0114833741822,15986.640222810825,3624.5729842230567
MCH078,180,149.71987272219496,99.22679960443236,3.320088366190509,0,96.40590767941731,1.4993414181199425,4334.854350925456,4308,30,2530.3693615282564,74.41576160216445,25254.943640826332,3131.860214042271
MCH079,197,170.3511073646223,96.4540869123964,9.59178153738527,1,173.5685576331942,1.9475149534679688,5127.839908631837,2716,42,1986.7616314952743,63.482848223092326,46662.23184995828,500.23084784513446
MCH080,164,175.1424717662608,87.1016976364968,18.743625333030195,4,193.25907672274835,4.316189403206678,5006.9879695833615,1310,23,3151.4657645653497,68.08597596901083,34699.70525608928,1166.852004114621
MCH081,157,177.4947426235509,98.02701963846869,7.00696599455826,0,173.17974238253396,3.779876490214761,5212.008287831348,3596,0,2544.252785554201,81.81961361979343,22494.57857877186,1326.6673101687916
MCH082,163,177.37708856767324,92.31146797374271,10.637461365079456,3,50.234765778720934,0.9292967479094478,4072.0322656184994,3103,10,2532.045139725088,68.28228333532131,10913.55722848708,4175.45069339494
MCH083,172,135.47236618292143,98.41828340341137,1.7898843219574498,2,145.46020552751105,2.429159094438951,2561.29807277406,1442,20,4716.175386790125,81.7589244513987,16811.8253555266,2369.67723791371
MCH084,189,159.66521828215488,96.99782883920973,3.8185208182796884,2,57.67030721631511,0.63126393640369,4684.629893518755,2260,3,4928.141814256086,69.26396099055596,31154.696487022247,2485.4582385120602
MCH085,170,133.45352560099866,91.3782025670385,19.74597233621809,2,88.64108305005828,2.6640056597135406,4481.895140207882,1869,6,4084.1797519831134,93.95695477904292,37317.557640223116,4680.975928117092
MCH086,165,162.97173293942413,85.33703962480176,19.337255232284864,4,58.92870505216575,3.4809530526548063,4969.012748796349,4932,25,3905.4114061111773,75.89085891361839,10598.984908335206,3221.720855388106
MCH087,194,156.49183008240263,89.03016039077418,1.0938596377537828,1,140.56931794240816,1.033261806191682,2679.5240242029413,4268,46,3562.5117280059567,69.82202503777964,31981.87670198243,4503.4717376080525
MCH088,167,183.26225096549797,93.124513219913,19.08442392304154,3,152.98848702389103,1.7999822250912456,2779.900799601157,1584,49,1247.3368355008117,92.49304720988246,29765.807547743796,2336.8933911735116
MCH089,196,151.0549007531247,94.5021732973922,13.143278818494506,4,67.17314570988577,2.2902648147597064,5561.638068877313,2594,11,765.9761939404453,73.71355859221802,28127.995101081862,832.2376667396417
MCH090,173,137.02402098565636,88.86831528149803,17.49044759588042,3,107.57583245674692,4.637889610952223,4999.911193808283,3799,30,3608.268418009684,64.45950751355127,36055.540295690356,4656.68441096302
MCH091,175,138.57950092317014,87.09034111109236,9.640057257043322,3,118.4354763433313,4.969647569403338,5632.913954801292,2537,16,3779.538000154592,82.81637965614567,42685.231778755784,2347.6550667709375
MCH092,174,175.69063790304833,97.52395355198949,10.796324543005754,1,105.35795326413748,0.7021008454802713,5034.8612846556825,4520,32,711.3784599416291,83.26256817751954,19534.535742959077,989.9939672062271
MCH093,194,167.09308379897567,99.76603271055328,10.288085024881484,2,68.15375007277896,3.9245356557292643,4388.621223961207,1359,10,4676.232876029817,88.58782700942936,45005.54855499318,1581.739127489219
MCH094,190,136.06736056736742,92.88535273454029,13.670420893375983,1,112.8421685281213,2.1727582988105443,4616.530948111495,2723,27,910.1328775010489,69.60877732833542,12228.512567834781,348.932689475817
MCH095,178,135.04640836689984,87.57518928772456,3.6533738403699454,4,162.6767071712627,2.2660618380326603,5556.51169576004,3866,31,1786.5524019704108,77.7508535636898,12786.074138802396,2394.672898136287
MCH096,164,172.0581478875472,89.08460989779053,1.5694982075808812,4,60.65114967998832,3.894192380061602,4315.227018047763,3077,0,3525.75415759417,71.29471676170625,17004.74286307658,4280.328042360159
MCH097,194,134.3657803818516,85.275860148212,6.850668890232628,4,62.027002112285516,4.632918944654339,4529.565297313549,2802,46,1264.4266748201435,63.238149444627524,10378.889129618501,4674.544234432778
MCH098,150,179.31160355742136,98.71448209840749,14.388934491996288,1,103.21569377539763,4.779178675261468,2625.9068640144023,3011,27,749.3714979900999,95.06455308063566,15364.365110729492,4669.750816767854
MCH099,174,172.37453362938976,86.76626624335212,4.835215590336019,3,191.25885674283876,3.0970516371724437,3895.6848804644105,3155,41,1990.159201238674,89.15479217953364,9788.529330628007,713.627125580859
MCH100,156,134.88092683851397,93.6477471327138,13.795216233173429,3,150.2858970084371,2.1070452168522626,4865.588447832396,1843,6,3946.872086848306,72.05852237835202,41978.85876434256,1972.0640243041792
MCH101,158,135.0902628451115,89.1108283103081,19.428328876038137,0,151.80049350088473,4.043970886364507,3083.7707932654616,2625,1,2361.5540554336712,83.97491971487945,11253.604634898107,238.32092228846122
MCH102,173,189.19837471007054,93.3126700377369,2.7841135999989493,4,104.28799862567975,1.6295062246803511,2809.01672209814,3764,41,3438.378148585727,68.05055152537889,38628.390090193556,4290.310190360216
MCH103,150,152.45624774536722,94.77130582527796,13.7794402462774,3,139.04911868128076,3.03833312975083,3255.3072328976623,1890,23,3108.285937526615,95.60946487183084,7156.124056100018,1857.9032339042417
MCH104,193,152.23852882401346,97.44612705560803,9.431254166786852,0,51.51967760416151,2.113603076861929,2966.0025119713337,2991,3,599.9831691151119,64.5962537344764,47683.41473812618,3192.4734366719504
MCH105,157,178.76797403545015,88.09631907640905,17.494702833172603,3,145.41440696143133,3.4548398316854425,2859.6505481455833,2982,43,4948.42994170568,60.153485820312035,37002.20393874947,3603.002346578714
MCH106,173,186.83491464303154,85.16493742987721,4.3658459995003325,4,186.99304213643552,1.581795108020781,3699.4033714723478,1959,18,686.4263996872448,80.08032790956729,5305.8446863750305,2206.2388817414612
MCH107,160,189.16006382937226,87.05328445103211,14.159893092297127,2,141.88602025172287,1.3621682558067159,5631.354055534137,2468,25,4855.112319418183,83.32511293811477,39373.54250900963,1601.5674490961908
MCH108,166,175.20269111553648,98.50027962772158,16.924190503314094,4,181.05478901995176,4.6320758900394665,4028.2385869548734,3940,10,2974.3888026397917,83.15861281183217,28133.68643447834,4814.843259568129
MCH109,157,152.57557513185495,98.10835116343773,18.947670170006443,1,158.59595831991408,0.958116573272916,2751.681523261292,2461,39,4834.2156217927995,62.18047709751305,40071.43266508039,4825.992302616885
MCH110,184,135.01004300192014,93.96119653255462,13.98171253750327,3,68.08376246055354,2.7768105848071922,2307.8866775234965,1731,49,1016.3911973622595,72.5617522767373,28512.35640007648,1518.2382033471074
MCH111,184,176.6288149556462,94.0077529065048,10.44632051616012,3,185.36799609287627,1.4938375233335401,4784.624580551701,4961,42,2706.8383363348094,79.96795787365328,33846.11859359096,2450.1629740478447
MCH112,182,163.5042549841483,94.97555011819384,12.739097563823062,1,59.96657665336623,0.6751848349655035,3531.1950577455514,1605,10,1262.7684133972639,68.66316742508964,40384.92449277682,4866.93637743411
MCH113,154,155.4533205548186,87.63056917935174,17.509194705095645,1,130.09512088216457,0.6620846823114188,5287.323786341437,3504,44,729.3869466009909,94.90503541943585,23229.862456453553,123.85519751196581
MCH114,191,184.38126310568416,98.71617918887439,11.841585186137763,2,71.32056856901865,1.288497974476223,4638.04307456308,1614,2,3278.881017780402,63.48437157845736,5121.866741920344,2122.1234170578314
MCH115,188,136.67184893836907,91.2815578733811,1.5773541342399002,3,51.75599160963561,4.400466595277001,5184.965802165474,4806,11,1435.0253943276116,79.49537766688172,43247.59231753348,592.2419934367454
MCH116,190,159.55750625745156,90.74707792374247,18.688025214632578,3,113.30513901914586,1.77115434789662,3087.784157673795,3745,2,3144.636582293957,87.65664230052607,22140.066318109817,2594.874031256753
MCH117,177,130.68121868604516,92.78376557924257,14.101008269599662,2,94.25610614812344,4.777066267588831,4769.435689844233,3004,41,1005.6401687704354,70.4700440053793,27321.922670746237,220.88277724838701
MCH118,156,158.11963851964757,85.70448950162583,13.853754329767684,0,122.90007406964045,3.117300318451371,3056.2479387748754,2719,26,1993.9391214471625,84.96962947990073,5349.498896928592,2093.8023138140766
MCH119,158,133.37819654091024,87.4942505313412,5.097827895556627,2,136.57998301018262,2.4647638539594476,5756.273917801167,4566,48,4017.346511239612,93.17540600569498,27144.140465754408,1181.425466448142
MCH120,157,137.12907497608433,96.07050424639556,13.518823934420487,4,56.5608608463421,3.1103997560125456,4545.497126133498,1673,1,2466.7318482898445,67.6134790038019,49391.93307072783,2713.2109760478297
MCH121,161,137.0515748066263,86.2419800188769,8.483423707429012,3,68.45049426856184,2.825142733518205,3298.0472007013686,2270,48,3324.8543670380136,96.68882367299452,17522.044736844633,4980.368880593428
MCH122,183,168.9526181269638,94.04728164199582,13.37342656378835,1,133.7963594675638,3.9144931419079634,3078.0474491690907,3590,15,3413.560733354957,82.14234130649432,22793.822160907013,4022.6269151210636
MCH123,182,174.7626927559254,88.68023664521982,3.0252675758518235,4,101.47510297589874,1.7712322968778351,2763.7063402865742,2587,1,4296.897697942821,71.96928017204242,35923.54984109045,4243.646248959665
MCH124,197,165.0021259058296,90.83943421062965,13.499060787457685,3,159.3760231324172,2.088726762201361,4778.563835574911,3904,29,1962.152574829886,77.23433101529082,41665.71503856464,3212.798438059496
MCH125,172,187.73035290847253,89.3304060515605,19.988860789642665,2,147.84374728879095,4.523424361399628,2874.8624519917093,2611,19,3592.830031621329,72.48767535145552,23782.623080274512,303.64325653406695
MCH126,173,152.49223477142223,90.33509074697423,1.9160287383505645,4,176.84065444848602,4.7590543091768245,4381.213063709956,1896,37,4827.271131707746,89.00444639733264,18935.099168058165,1113.3086126163062
MCH127,186,147.14272517691165,95.78568857776368,19.56630950020503,3,153.8739240003838,4.516512023689136,3058.5401077014294,2462,27,3786.0950046104062,91.85202653660528,47202.16099932802,4632.81632659057
MCH128,184,182.1159476913676,89.45682573434763,8.731251253734541,0,114.48966160852223,2.387515972807911,4647.875779175474,1277,24,2704.4171452298506,93.31749569274643,35471.523500225114,1893.954277850881
MCH129,193,143.41575031116716,93.49606960445345,17.544315556407923,0,150.94499335916487,4.011644763530968,5259.758914162157,1551,31,3338.2285002136814,99.43072998342964,10355.958702191348,607.8199597558984
MCH130,189,187.7933523664367,92.1407560329865,15.865324197107196,1,91.30717613831277,2.6435107998549445,5112.1009725786125,2636,9,3828.573039933987,91.65137169986734,8101.754516059188,3541.7862927443894
MCH131,171,130.72926848138897,94.95506748043972,11.773308958746687,3,95.9470248167319,2.7389293346574597,5043.405323723127,3158,41,3255.240945622426,84.05536282754254,26759.74328556661,1567.3428472778476
MCH132,176,188.19272960245834,99.05244608987137,15.030534975775204,0,168.347773988119,1.4210604907577777,2750.8896227690084,3432,39,575.0411607042762,73.56881193567135,14904.05297212726,1417.3988732304413
MCH133,184,132.58959471703457,95.98858145815376,17.69179566472561,2,116.96292746023732,3.160086364663324,2353.539787938075,4904,32,1376.4807395925163,81.78381794842997,16429.313901931404,4990.089532235475
MCH134,150,183.46858682188426,88.22410567886135,8.678666111369626,3,169.75705107775286,1.3376115398900656,4795.795313949542,1760,12,4147.106977469597,61.642726911616215,44496.14804725317,4304.880732630606
MCH135,184,161.662066545178,85.46774702591927,7.213630069701535,2,173.36335605024175,1.992041145802372,3473.3888551774053,4262,40,1726.927912906181,89.79300302119653,9030.47109423398,2098.895310002421
MCH136,186,189.57788776715802,88.93396066449738,13.68427432570811,2,178.63435064919256,4.347635907289709,3729.3849056133895,4561,41,3792.0295380251027,77.83822180368406,37191.38518530004,4903.279918300846
MCH137,196,134.42779388412393,93.92616896050382,16.34907289688391,0,187.4952853761811,1.4318411414488486,2124.5963711735644,3741,46,2174.540968587644,60.8009291892875,17201.401402126463,3285.5547947541468
MCH138,163,163.23125706407924,85.77138720226375,15.483417560755699,3,114.64778307699444,0.8202122832804477,3038.3057971001967,2449,36,2848.479476710744,62.50027766041643,39214.7699631862,3735.910014210825
MCH139,152,188.15815213714595,92.44549370801855,16.158459328314056,4,97.83002274817082,0.8105341667576733,2134.705615497856,1404,15,805.8798491873167,75.49865855287027,37508.51230085951,254.41391110283678
MCH140,150,161.38587065020891,93.95264273375334,9.276082981445727,0,137.32981198911708,4.733530342263985,5516.743090404991,2358,44,1315.515024723693,83.33686076073741,5332.635564993187,695.8657708054798
MCH141,154,167.76391828811575,90.01365836225442,16.53885010732541,0,105.67586351564414,2.781141970828256,2973.586732874122,2232,21,4807.386335836555,78.56815795808507,27911.09358147196,3202.1171198315683
MCH142,175,171.74492133907702,96.56368305618733,3.2839720520415603,3,140.16112502003494,2.3423543231765827,4229.348678292032,1021,19,4505.621240511113,84.7681726916862,11269.376707012087,4505.217514982472
MCH143,163,157.2724638860664,86.59897379700658,11.34529286125614,3,155.8378793965737,4.148953614535633,2155.9172826445215,1677,49,3435.237999045726,79.21177035165422,43980.21637604046,3156.344257829219
MCH144,188,167.6534848050438,86.12706672603713,1.1094145494643097,2,153.2607527738205,4.261216675597322,4667.389565222633,3658,42,2568.400688235818,86.46815381925387,44221.364728808294,756.7219821630597
MCH145,176,165.058858715386,95.92283134305404,7.167130768105135,3,106.1829330530182,1.9948596490202206,3292.1093830163754,3028,26,3540.925818028507,68.76504258683204,23825.56133721911,667.2242266069907
MCH146,158,184.06948062945935,92.43236974309298,7.96276916255656,2,75.02903025481292,3.6212812586320786,5591.676747830663,2231,40,3283.7463009227254,64.51372748734485,24997.802830298624,4236.510889538
MCH147,164,132.72678282048747,95.32603594641604,8.527281140575852,0,114.57940076933113,3.9700526713334896,5552.472755736144,3055,15,3058.4851502207543,83.8573581850264,18647.73227320372,782.5814596687801
MCH148,164,146.85779137553382,91.52241007905619,14.213876927107382,1,71.38912161228632,3.4459280908967953,3301.162473446991,3749,33,766.2968233859382,79.38758067745229,37247.283453201395,2649.1366064697245
MCH149,175,187.02468904459352,88.69603049858661,8.382603924136568,4,183.51455527757125,1.1821778366004472,5603.843582761871,4758,31,3347.611747976781,61.07470616179741,21139.761336190662,281.85526781528114
MCH150,191,183.41582703345497,97.286534765113,9.525178829828082,0,101.88161911067861,4.441473875826757,5984.6306939951155,2808,25,3960.1402005702575,75.21927541972144,17050.66135351852,495.28186021676913
MCH151,162,157.3394051671428,96.9912381845347,5.513338486612222,3,73.16896208349857,2.925925487312039,5301.662656495792,1528,24,4973.36744590509,64.24502341963982,24450.39767770287,3394.5065114500376
MCH152,181,167.2079558680922,95.42044706281641,8.091784040957462,4,53.817163985862635,1.7711259186650166,5379.485391020916,3037,1,549.8534866743936,81.2542732701078,9116.938327435642,3476.9889110948316
MCH153,188,146.64287097886796,89.08217705844945,5.318122917999878,1,146.87335794297263,2.4135268344696224,2996.0349444363596,3649,11,3785.780539898045,75.83110718641723,38597.14420898917,1773.2000923813678
MCH154,198,141.28726958342568,93.8534600030363,2.390722551600429,1,145.5353476182115,0.6690699067950832,4306.809595431025,2676,39,3073.051921711912,84.52607644412072,5566.838057230413,1156.4878496909193
MCH155,181,157.82190429639894,90.4146084541004,12.46552327424618,2,101.09062498719375,1.075400605500879,2269.0236558694714,1656,8,2453.234792364305,92.22408875080953,34001.82776842672,4087.180326710809
MCH156,153,151.20113368156316,86.37373109989952,13.69604317254531,4,60.75678332714765,3.9449603773213737,2379.671747286679,1165,11,1074.0657855711688,71.98674735365964,13228.90370396926,1163.8058244024628
MCH157,179,165.01936671105233,98.75970363193365,12.770316574182676,2,111.44433423428481,0.5000523563991477,5995.570448133162,1848,25,2340.883168856943,98.4840841666011,15458.18207964859,2755.9326413652607
MCH158,186,134.6640782178991,87.05227946378442,9.806386832210874,0,96.68262425950903,2.3745462281703147,3306.556997703644,1495,8,2094.697323437609,81.42538002350298,33603.4399388018,4844.223320228237
MCH159,172,188.46368845997,99.25356030731203,8.215929823405366,4,151.5680959602514,2.851295814885148,4992.735648195386,1589,9,1862.7345004043398,84.73163195019151,49682.45596023082,824.4769455256805
MCH160,188,189.17264466877617,91.69008659436933,17.40333934186468,0,140.86688741790357,0.7458548900043753,5226.6602121072665,1428,31,3788.9583049499347,87.22689492902948,39997.28700826478,4710.293710724073
MCH161,194,171.88970284118471,87.7769939325793,10.862553917588142,2,104.689059229631,4.878851733375498,5432.093084028917,3821,33,3653.264845779187,86.66926119430359,15162.783450052639,996.1759600364765
MCH162,164,162.16578198064724,93.12851421067538,10.104455674964889,4,82.68388313824852,1.5175639906235237,5990.513189608626,1162,47,3150.590409414102,80.43882972180248,12921.113976851022,2880.471719313825
MCH163,192,148.57165697717966,98.09418753814613,1.487199250322278,2,198.2053949233388,1.8688942383632638,2965.985941027471,3413,19,4723.991659820175,77.15057164458734,43980.479162045165,1947.3377885978487
MCH164,178,178.82770118241692,95.98337329614341,7.483708724896971,4,118.10024317941723,1.867741305147623,2161.403307438799,4597,38,2074.344728813845,62.15127856709512,24988.277656467693,4828.150147358947
MCH165,185,171.08387035323275,97.09841721792175,8.223716756931285,2,153.24113536703555,1.5368749795280745,3644.766071978344,2262,1,1597.108719695808,60.88343381204719,11167.376127266994,1440.3559421094908
MCH166,162,139.75701636069348,94.88175050066076,8.57763283704111,1,71.08294513675412,0.5066321993884013,2520.322679315788,1071,0,3451.564908942798,74.31844778131058,43799.51404948722,2058.324210220193
MCH167,181,184.65563106963054,95.38414846776779,12.023275015319314,2,122.83845494890967,3.7820515733959836,2089.7035566482205,4516,35,1394.6632742183133,73.34643562534771,41724.15588114176,4916.01457749156
MCH168,156,179.35223457539013,97.7379347734798,11.13844838781069,1,54.13050798041982,4.850804749096784,3441.7073085659445,1654,23,1917.5472823254106,75.50780619356027,49275.78637537236,2728.7049168235185
MCH169,171,186.98799479751546,88.74502013288779,12.550196763075448,2,125.8182676865675,1.5093206747827028,5134.953004300945,4893,26,1510.7109803369817,65.5347280355276,45938.46590207078,2562.887566544142
MCH170,177,173.5431705033016,92.34137445464711,15.532781969300437,4,194.60261106765535,3.483712363115401,4264.722764900283,4580,1,811.1910547332556,89.52673082147375,43330.565239724376,1363.1145921995574
MCH171,151,166.8049117561474,88.31814162729404,16.446729035605777,4,107.63100694787003,3.838533471314218,3251.111956841416,4866,30,4223.74433736053,94.27857659104956,7365.847901495142,3536.681445521163
MCH172,191,155.09458217743713,99.81502011994971,14.644338448303394,4,55.849401886236734,4.317914205907361,4617.3680219708785,1268,13,1645.4324431474752,97.5485854149614,9698.691627415312,170.42746371111045
MCH173,194,185.9637090012408,99.1608900952992,19.15495022314376,3,54.64336863790153,2.4018313865612413,2928.072721235243,2776,1,2628.6237650435933,79.69449214078503,30604.243743685525,342.6118855412383
MCH174,155,181.9638333700245,85.59140217052759,1.346419070850871,0,108.19801399203043,1.8631890753819316,2057.52578428834,3462,28,694.9187296444038,88.03462796501714,28916.56608268194,3036.8570769654334
MCH175,177,132.71312020637137,95.58362758773532,4.719781727987376,4,74.00374046947911,1.96382810310364,5057.41354574571,2268,14,3647.027598136894,94.2220449374349,25608.344652029096,1774.205411710425
MCH176,177,131.58201846983513,98.87872476123499,1.1436946245847004,1,53.502814449227884,3.7067959989433077,4494.972339456037,2015,11,1987.5245103783086,76.73164444373944,22855.51964365629,4771.250223784707
MCH177,193,152.58780201268297,87.70863017691,13.302019568937457,4,163.43204209252653,4.175507599275362,5049.21049800384,3722,36,3851.315275231445,72.37651179481777,24404.4718188948,4525.6343845416495
MCH178,193,178.63319984690997,93.51917845828945,18.062580430049753,3,118.77845133228361,1.3172628549047118,2155.7520667506624,2083,27,2355.813772105397,97.4689822341396,30618.407036065786,3597.1606675158655
MCH179,169,189.23656775889668,98.73232446382063,5.626163634949686,1,93.38671579589817,2.1692345367099435,5348.478511322609,1005,19,1380.900228825311,80.62706204308293,5093.443292003654,4108.913347526226
MCH180,179,139.0250134662117,85.50918967878698,18.613656351129826,3,185.0124774524721,4.558730885371175,4478.104800145213,4780,38,2809.2878702691614,79.89015546363512,16731.89483597835,3369.926063371697
MCH181,160,165.6478429211281,95.4613040087026,2.1450804155016563,1,67.42084403007884,4.130120838626326,4253.581402850561,1981,23,1087.270518368479,67.13664386253983,28322.587430992,715.3523032797873
MCH182,177,152.8534513978613,89.46023511058826,18.75428450930477,2,193.3878243432979,4.931862812431142,4498.456192458127,3617,20,2482.4262194284765,64.32620058293426,37499.72444031408,3851.162511477093
MCH183,174,188.19486386887618,98.86594293064796,7.680831057553053,0,97.09500760660292,3.8941171685693634,5457.732987473457,4888,9,1927.8746483921893,93.68427449934046,12837.051157792834,1129.9406467223473
MCH184,188,180.5271353881425,99.56587367748051,2.926995740535114,0,183.26055084630218,2.26937840462565,4347.746026235628,1406,45,4603.81812889835,84.56532704750072,29609.652820434483,1684.869989990964
MCH185,182,180.29972228266826,99.16399733670151,10.231563424540187,3,140.44143147191923,3.15787025297587,4323.801519552717,4288,13,774.1792477432398,73.03298336077795,37150.685774860176,4114.247639301859
MCH186,150,158.12158958769822,92.11321324986196,5.878754786689651,0,174.00610396122312,3.474564144112941,5962.716628263063,2953,36,3623.078363475839,67.66944869561065,25008.24460612571,2728.9754811278963
MCH187,176,154.88917014025992,97.9306397648397,6.412585137276534,3,197.60197448156964,0.8530511734270578,5026.9206682742715,3073,17,1322.3802469434615,82.21989120678526,6218.651015152297,4313.709499498706
MCH188,162,146.40442431584236,97.66824097802606,6.838509333599445,3,93.26081567281186,2.950236315967393,3769.1752218045413,4886,23,1935.7028344950793,83.35677157044542,25217.067130953652,1143.8730672319946
MCH189,190,133.38252979905562,89.78650709864884,16.257492058820603,3,194.17032281113896,3.691943728126743,4829.588000131711,4076,13,2369.813283779297,68.27974404980233,18340.01994848689,3078.114349173747
MCH190,152,181.8833425753032,97.43373211226016,11.244064256829835,0,108.42228423536305,1.2529458680047716,3556.921886767154,1985,33,4586.067902187384,94.05622991565896,46834.23234655977,510.57576548648194
MCH191,188,178.77406054780465,85.55511452073239,6.914846283964069,3,107.82678571053835,4.012842728415007,2915.501849933996,4603,11,1591.602197332213,63.37057464623405,10607.60235552473,3250.998868346145
MCH192,155,189.98306039716783,93.9440481772308,12.59634188290745,0,101.05806563817586,3.1269775123135024,4387.407507551037,1389,21,910.889611451016,74.24372340665687,34361.41799782545,3836.4167851001203
MCH193,157,189.7982102244343,88.45013255931555,14.606862810240678,3,131.2111411021378,4.784998035639176,5712.728392455806,1709,5,1934.1032179573563,87.21537655050088,7372.389485052552,2966.161380495736
MCH194,176,163.32590233615764,86.80850328665919,6.179856013937141,4,73.12175647677307,0.6909003419310127,5716.558080061851,3618,35,971.0418674099001,70.96481455276803,25077.669701571343,1404.5343573441703
MCH195,158,176.13924491083063,86.15429802443813,8.857432928981678,3,133.0567228037017,1.6939676189996014,3367.6211124219612,2471,44,1078.6841868224863,93.10700779125088,29929.076924903628,253.57907740844692
MCH196,186,186.6859437929457,95.4443316381721,3.3158357734020036,1,131.2557218615006,3.2069924568492083,4110.7098648867795,1753,35,3082.32769088762,89.59471306401613,18407.971909258944,685.2995314250003
MCH197,182,180.97884344064468,90.09812445652099,4.441837641158926,3,164.28527189073048,1.834519604926688,2846.5435942794447,3193,21,774.0586989477199,91.56091378192536,25478.4035984173,3149.2845974627285
MCH198,191,144.84088610459185,95.87150157293142,13.941239225334673,2,175.04749429063781,3.71490873832059,5982.524437995534,2411,13,639.1889662710471,64.76426143506865,12359.92075385843,4678.659062528317
MCH199,193,157.0326481186056,85.98034511198414,4.447328606216912,3,116.06620254686361,3.9155237713486897,5924.4716314717425,3832,15,3714.86345661724,65.62188511982171,18685.573226061628,1112.0185794628314
MCH200,173,137.7495649090897,89.72935506745915,10.978104289674143,1,95.34998740272405,0.9613218382991351,4598.035718829789,2272,35,2127.4119267847004,71.45894950978334,32949.78462095914,3701.628130614984
MCH201,164,187.24306163552333,93.09236938563006,14.471878972726222,1,88.90023459756418,2.8123450889304547,5217.656238709893,1525,24,1064.1890715524296,80.72308660790245,18581.002513751977,4345.6102099203035
MCH202,181,166.3704780670528,96.86084747258445,3.030661538800133,0,79.19357550573079,2.7900075001597515,4860.4006451348,2485,31,1641.257468868687,89.9206430679761,45488.43852839922,2652.3226743928044
MCH203,181,143.71856833020777,89.78128754398105,11.778932172949167,4,58.647137329853734,2.1617634659699347,4372.632876157873,3060,32,3389.389283085796,93.46123563043614,33278.31309384454,3379.402399633923
MCH204,173,170.3020410643514,94.38837064655513,5.874692890325911,3,101.367196825207,4.698161881563524,2213.3919879555906,3950,44,1739.9145521338303,88.17341263828722,24739.205829619303,4093.575051713126
MCH205,190,167.08769442747376,98.28966622354281,19.295610629514016,0,90.53715381961749,4.223778439429495,3819.057370210644,3431,35,2725.3450630418356,97.14387526122553,6744.062099938211,1377.3082729289085
MCH206,198,151.48976308197044,94.23794782273457,10.187367287678569,4,194.9626078799611,3.6374422185933657,4699.145208669643,1555,19,1047.6288802700253,89.5497403846372,27479.675084210205,1554.7888039134107
MCH207,198,136.81345553197775,88.4943921213045,16.313858445728002,3,133.65632393750658,3.714469860807489,4710.126455534739,3934,17,3146.421369224511,72.2507154801846,39414.93089562901,103.07483147943523
MCH208,161,170.29439173556798,85.36601172334807,11.454304300968973,2,102.09155585457614,2.5777226471590358,3492.490473689534,4470,37,1922.3495772946883,70.6032513735429,16950.091910558614,4819.1612413992325
MCH209,188,161.2184620542276,98.05148310851395,1.824838124241564,3,137.0701401490544,4.644475344934591,5766.767946632122,1018,2,3321.357955379224,87.8476980120436,41304.81063419453,4595.96998352209
MCH210,151,176.33910350413836,85.31904116275581,13.029876136286425,1,70.87950520185433,3.6256794226397844,2669.428128947124,1574,22,4137.776970368102,67.71482274758458,16331.304472289667,3846.3844924212085
MCH211,152,161.2098100667196,98.12052509026299,19.076663501926483,1,116.60656238033043,3.780414777451174,4001.4377848622426,4562,31,3252.408887254966,63.708592432410796,42068.58745778602,487.4725027855758
MCH212,198,181.1308900191124,92.93405701040818,12.430624582780293,2,143.93514821315958,4.377609067043053,4763.535906203291,3798,44,1830.864031677593,81.28891499424776,8837.075372525484,2292.76415952759
MCH213,186,163.11441032646914,99.08601547769344,16.564588329109014,0,123.33467476886771,1.7333221520398596,4788.543223567237,2003,15,1650.8466569673517,92.86566279115821,43978.266899106326,599.2695944606088
MCH214,198,163.65627829212318,96.98174853660498,17.799922803619747,4,110.26682009814863,4.131819067400164,4594.555827075263,3466,4,1973.394314300516,64.05519369879454,27463.390291999873,178.00930958771318
MCH215,166,182.5992161595007,99.96901165800006,5.333515667029717,3,199.07725833495473,1.3785827133042141,3101.152853807441,4408,3,1240.7923095642718,91.67565295182916,18344.19153291179,3119.2965295417266
MCH216,198,154.20897197274383,90.26067723177565,5.028851958256306,1,182.04721432233904,2.0540387851019952,2624.826274746488,3466,20,1315.2733288250904,92.46288017406192,16930.096268681693,4808.064143692924
MCH217,151,138.04091370703844,96.50782433396691,12.608638788168843,0,143.510893723916,2.0102470442142923,4543.761307306843,2938,39,4058.1099585507554,79.29096000326174,24440.47515186632,4524.0533148175355
MCH218,151,131.72696057880034,91.02896370413863,8.80954092632739,2,135.40660417734242,4.903364607751133,4397.208464557751,2939,13,2231.2965942835026,62.29241240041947,49957.22741466403,3514.098593183481
MCH219,177,175.30823534041713,92.19813430455864,16.957364754467687,1,143.09907197368761,4.354417506865671,2717.424041156964,2635,38,2461.9783125676363,66.98359404988746,14914.732704691216,573.53886240787
MCH220,172,167.21857308120786,94.41258194827554,18.10043934456221,2,80.196816173365,3.655264377156169,4820.556582282254,2698,30,3173.2225950506504,88.29705100647729,9644.749199554983,1443.4037845942707
MCH221,186,172.24478608595342,98.10515671279508,7.715006206751644,3,109.2706614896478,3.7717554272692557,3820.6879669346254,4999,13,3153.4407281819645,88.47111779963798,31326.582592339786,1668.2779617379258
MCH222,181,142.77784969053465,99.76125203798942,5.500540620515159,4,55.9189299336349,3.02932757481157,4671.042366412612,3169,5,803.1959218486658,95.93421100670662,26984.41098981157,3839.43528295325
MCH223,182,138.1822885352062,96.52410120796777,15.829984789633375,1,121.331905623024,4.761908001988336,5349.468319080603,1431,11,4241.933538519495,83.30744586218331,28588.83219784883,4031.0209782520587
MCH224,150,130.8726799400729,91.26650173251001,6.221314675414586,1,131.45368759364948,2.733164387970627,2678.9137143076928,3091,15,1297.9694895077273,64.9642947085511,35012.09379007477,1987.02000265061
MCH225,168,151.03525352839583,91.32035503415605,16.62967205175989,3,84.16246041548143,2.2123296944145254,2076.5794719873466,2895,16,3753.8223622235096,64.85659622019888,17021.48314417922,2147.6315834262873
MCH226,151,165.39506121127798,96.06373452383338,9.051026819326493,0,194.60432707482707,1.2336590161921595,5116.410345583147,2943,44,3977.0194465767495,88.84529429427295,45979.92479227498,318.0942924532395
MCH227,193,153.53464270598394,88.58165718652454,13.683448086537938,4,186.4181916405863,4.0379254351747615,4438.789700610463,2340,22,3717.0479034109117,67.35138660431605,24605.242975503068,1516.7699202519289
MCH228,175,156.24849532142375,86.65711169697092,2.815170962858695,1,158.3214853183859,3.8049976943401616,4798.558278488486,3428,13,3105.3994094936534,73.13541998466421,10808.87878141078,2311.2973681704357
MCH229,181,184.2495216696249,90.31933236461165,12.853327168854888,4,130.0079943148044,2.229597673358607,5352.61989995457,1144,6,565.7404869899729,79.48848027687656,38403.444053027495,673.2169272877621
MCH230,155,150.89532802139803,89.30858487481123,9.583585896007353,1,180.49537394715276,0.6133703628165321,5211.243739298002,4398,45,2121.6897156342684,60.99059510304605,33939.69586780326,2321.0105576996048
MCH231,181,160.83936934958865,89.44462180683985,12.145560800334009,4,69.59785157351943,4.275487974731048,5843.680587715298,3410,31,3221.777432131615,69.95276108079727,19208.45311178167,4280.561480063222
MCH232,153,177.0191807644686,88.50411626574865,4.192269947152405,2,168.57646914123274,0.5513809255433313,4143.740315408473,2073,14,2243.530831651424,76.3155843402912,32968.34258153218,2948.4729966527616
MCH233,160,153.7925669392762,85.63139784454543,15.00060115393946,1,68.72312209502724,3.6666490083307295,3953.9825306396215,2088,43,4385.6595271076585,71.18545273972825,14893.788036603959,486.75628968822036
MCH234,166,167.32520201367242,85.26810902100121,17.393144473321343,4,169.1315993824108,4.866156993767257,3607.54879956292,3402,16,1889.610239073269,65.45481309870263,25017.77117032383,1039.1894622683442
MCH235,187,181.74182252480472,99.81583584604047,5.1180562017247375,0,91.36513523770354,2.4694759766669154,2614.764171376818,1799,40,1820.906566063972,89.1204903118479,45473.563497529634,2425.2673157769254
MCH236,173,186.97123741945853,91.41659700603793,2.818576554883073,2,181.56358715272833,1.5573803224817875,4290.428931528089,4235,46,1696.9896189169608,92.5259062067194,11009.040492233724,1871.2870341268792
MCH237,154,138.82440885574226,90.76489970739523,1.4491331348803915,2,191.60631407380967,3.671919545195218,3108.050097303915,4212,43,1997.5139103235797,70.299159045749,22401.34024943579,1857.762395775884
MCH238,183,185.59525750968967,95.19470924039605,13.197458508422054,0,72.31939541076734,4.177076639070133,5685.230048851901,3873,33,3008.322339413842,90.97677978425213,41951.409112415626,2693.4104959035917
MCH239,155,159.52697758477228,88.27380831797596,12.534786685686834,4,119.40134075980903,2.958936422350313,4332.76321710839,2151,4,3681.5688242266588,75.42214257605255,48627.09047327802,2963.5400157883414
MCH240,171,145.4946632979375,99.24941775925338,11.38725084156733,3,197.14810672440277,4.851658738652658,4371.360722032441,3445,44,3481.555629824533,80.26743163416012,25426.676138980816,4004.6216943533364
MCH241,160,157.54814537429567,96.79517521623328,5.406994826203533,0,122.511115395972,0.732509247460825,3419.69864350804,2956,26,4134.730189916658,94.24004299572611,27814.982906450634,1770.7361609661748
MCH242,197,188.80195451712862,86.3411650346839,8.427213922204778,4,179.53212837718178,2.7715801923703767,2207.9574079108297,3927,22,4486.612979738412,89.99814727209632,30747.738280269637,4046.784786898875
MCH243,165,159.55708563957216,91.26371163677392,12.295050368537288,0,138.30972831969797,3.7330427629514755,2126.9750614919544,1462,39,4172.3556905450805,92.2046740526471,46955.666373516986,1759.1950226518993
MCH244,182,149.7250966172505,98.18677461343248,10.438570318324219,0,106.29948618794029,4.381882120171305,3693.34057661279,2774,13,585.2543151845956,65.47380666345427,43619.30559396634,371.62164581204576
MCH245,158,168.00405125900355,99.17098033437115,19.76792488408286,1,92.86753332888054,1.3066502535850553,2338.2615123889514,3045,14,3811.6307909839493,62.78877703334918,12677.050607973995,2815.5194899234766
MCH246,155,144.4087371266916,92.01102266874804,3.5923552985779295,4,80.4834636629131,4.1000156679365665,4427.387822160556,4907,42,1437.7980812824921,95.73618916351948,24654.101803118374,2980.7213919845913
MCH247,165,134.55179968651984,94.20117083816062,14.207746526904282,3,164.26972870665458,2.9871818407334536,5523.89202255863,1807,32,1098.176192185922,75.51337078284378,25880.019268839183,4679.247203547115
MCH248,178,137.73278331463897,87.50550919138112,8.68205659398155,1,107.98107602345418,2.2844915689548344,5531.659266074888,1186,30,3373.19953159611,71.51518712278724,40509.325024194055,3657.7004977061247
MCH249,152,137.68275033746636,99.86752939205465,9.135792683586681,0,126.69131933011268,1.092717628605921,4636.18164052893,2743,34,1938.844379334627,88.98785017047298,32130.179717244588,4597.085997222754
MCH250,169,139.11416161073765,88.47507552075164,14.63435754750535,0,123.8488220001773,4.393830915090106,2844.927325891724,1731,16,757.0272351669946,93.45662386319427,34439.92079130559,4550.901330190747
MCH251,185,138.3296303589646,99.14097661202689,14.156286875163023,0,136.59185438496968,1.207729436808719,5451.987325435488,2935,27,1119.333804792626,94.49958487593204,49918.99584495279,3062.4131402653866
MCH252,168,168.45248468819287,94.74469973488553,19.83386388034158,4,179.83657184368283,1.8940453664409467,5544.373741252833,2213,18,504.1823759148248,72.63988564500909,8373.201956150588,2686.034120148593
MCH253,175,140.9128050639487,94.11605192318288,3.4394914996283794,4,197.11090153751442,1.805204893830966,2786.6143398118347,2411,45,4564.506323051182,94.08849564806695,15035.442059017985,2831.46073910164
MCH254,152,150.7400369994318,92.69032766524762,2.9780833382991605,1,111.13763128607255,4.421363153858844,4949.704343082709,1428,22,610.7809272855736,61.637357774973815,23355.31718171961,4893.8209576185145
MCH255,168,183.80730459436072,88.46004717576638,14.762437525446082,3,174.12783831594544,3.527163473940041,3146.078195708492,3905,31,1442.5509627927997,61.98645965838875,20650.208137199923,3888.5216895600984
MCH256,169,158.43769841577233,87.64792048008262,11.989351423121773,1,164.67916919820766,4.085066287361176,5210.561249411719,2307,39,2373.182513095583,84.94076780696618,5974.050260614262,620.7029334827396
MCH257,181,170.05346431126162,88.30729313605264,6.209052664636311,2,136.02934271833598,1.6271055445662455,5988.951599614411,4935,12,2104.570966778686,62.52425476462185,9129.992291202912,3914.2991932288596
MCH258,156,140.3391922720978,87.79657393216382,2.5089680107907455,0,193.40707154178997,3.3119334482314953,2120.104021317571,3284,19,4602.766446107491,72.98436674040646,35642.89811316093,935.6364396013068
MCH259,190,141.53734112852024,96.6937671035013,2.62750674233218,0,80.07117732926042,3.072856924146869,5589.463463163727,2217,34,681.3002558054395,86.91023944987697,44569.60085131523,2292.017690127566
MCH260,182,132.45211697598873,90.25187888750095,17.989626618618246,0,66.38963154644321,4.2477366955472196,4490.522134394632,2310,4,2804.966184546732,73.49067584216905,28140.21550696899,1131.252393665018
MCH261,189,140.13610378432986,85.86764014845095,4.645479169656115,1,178.0942950433133,4.577391772165672,5893.530476659284,1770,8,3562.157581359683,67.18399125760384,29263.598578113484,3478.957021112826
MCH262,188,146.7154203419175,99.53653945211217,7.144059680194895,1,115.87247249506224,0.5547054716482407,3860.03807010571,1757,28,4692.640881565259,71.25402487415366,16479.204477457075,4398.817707345875
MCH263,167,140.6206290566048,98.25678827445138,5.306471642312772,0,177.04532813105908,3.533089635764567,5389.551722285495,1135,5,3291.6706345567445,78.30301329001728,39554.43636351701,1522.7732382967367
MCH264,189,135.32215202542335,98.91628424792819,7.744929810806809,1,183.96353077931224,0.7332610960387806,2249.576274393109,1791,24,4116.898562052932,79.0154342142193,38830.75643152653,501.8526319201194
MCH265,150,137.23815226603605,99.92361733969653,2.319053012175774,4,59.368639042860714,2.9698639928481017,3341.116200313183,4854,30,876.7622203040678,91.32000925388809,31476.45601479455,1562.61618056732
MCH266,160,157.64672608196355,87.6084287382923,10.862136027257137,4,182.5197144479091,1.794347280696552,2268.06615100484,1170,21,2236.727799216173,90.0061291772605,14569.892893010428,3394.5731038677527
MCH267,177,142.38002310434754,90.94363028353987,2.284638708252083,1,117.24785830541333,1.8804946978496355,5901.372533916282,3206,1,2182.7621051558035,78.27271218224541,9365.819820669025,1710.9246250168046
MCH268,174,151.85619166288453,96.37357713556136,16.206773648624868,0,126.56487335063483,2.0883132655356045,5267.895629087347,3248,44,4488.296974050729,93.82669396395086,7890.735913570665,1462.7496210136367
MCH269,199,160.2050362512914,95.44030927080688,5.440529556298228,1,143.98887666398153,3.2958160207232456,5410.189684983881,4558,4,1181.1702706847373,64.56948554365583,31671.3229989295,1003.7324338628982
MCH270,172,171.42368971776193,87.30843859509783,11.2602263774857,1,188.957391009513,2.0032248455094614,5751.8609257355765,2580,26,1183.4877755148364,70.21413400915606,42126.589361426,2537.830491684724
MCH271,180,132.35872839046593,97.23749687485926,17.721502663667707,1,52.867414164464606,3.797145727656262,2340.4139444791413,1961,24,1978.511674486093,93.11905854009007,43624.86943014162,1452.1492579702192
MCH272,179,177.96462393454254,88.36660857754991,13.366670011896689,2,121.52652024767256,2.3203732350824136,3542.3903700533338,4847,7,745.0972131507691,75.11976154504612,25862.99334545524,3681.9507107834675
MCH273,191,167.67402336945446,88.35726422233935,11.12619794447537,4,153.15830636458412,0.8075894013948137,2284.1395561760087,3630,0,1321.0611829362051,99.24726235175369,40292.20846880226,475.44976976179333
MCH274,184,134.90554191693232,93.05461634340121,7.162341309192136,3,158.40604365473428,4.026919291178483,2843.1724062001144,4575,19,4843.443373455808,78.65013126111342,47609.608835346065,3353.761862245456
MCH275,156,182.41471744640663,93.89409902262554,7.327036348105761,3,153.8798647305662,1.785912460667177,2917.4631081506895,1875,43,2426.827729402278,91.67742491855057,17382.655061963058,1264.0440713820724
MCH276,165,185.2523440319088,93.70129311756716,13.720252148765612,2,70.16526941121828,2.447450958196682,3876.4288441903145,3418,22,3344.086437900964,76.09228165529487,22908.215587134073,2497.4683791528555
MCH277,175,133.66467759129182,86.37230256096632,19.888647863202184,1,94.90933825575217,3.5844974744985567,3074.2486698145703,1102,31,3767.500667050866,76.99814076249721,46916.55466685063,1501.840617953177
MCH278,197,146.61265888883221,98.1619129394557,13.574944607138194,2,103.80732881255202,1.996052707169204,2403.912427271044,2001,10,2151.326331532402,75.31532589136734,20220.39352927782,3641.5665124528987
MCH279,198,178.3720767875837,88.9840006388306,11.597884930030473,2,170.66558115192575,0.7546354526602204,2669.9643563764307,2148,38,1162.5218348473263,88.76302482043246,46124.433064480836,4732.00449723302
MCH280,151,174.8955814230195,86.94272381924206,14.882359694545675,0,91.81398086218294,2.182644711557661,2589.102254208364,4384,46,1429.6145729980137,81.90071536239978,49147.018801450955,4593.676219402085
MCH281,150,141.07126116138264,98.33122119803465,9.838906633390645,4,81.60574458008048,4.750018622124365,5892.307191649194,4023,23,1909.6991446127465,97.75112445473476,34781.48278584911,2958.7884542060465
MCH282,197,142.56095940020262,99.3347724734463,2.1427045094149193,3,193.61720285571442,3.387804787843512,5037.170027673894,3845,10,3362.3078915850156,70.03561266136418,41760.063027687575,2366.790485959194
MCH283,161,152.22832616748292,97.93191425898176,11.683639501680286,1,51.329492767020334,3.5216561690024313,5871.045861078248,2481,28,2292.262470900745,64.02250928333777,38729.55038994883,4109.6724962529715
MCH284,154,159.07137911146128,97.14274112087317,19.194880405602223,3,199.67312835229674,3.345269691369379,3758.9619460316344,4301,25,530.6661405505765,75.73045940396861,36479.04159269857,3448.2991768758766
MCH285,186,167.09528629181776,94.82862970958533,4.330755904795533,3,151.52319482860935,1.3954646253174656,3113.4739266506267,1657,15,2855.3323328036236,84.66850830587104,18811.898284155468,999.464159662971
MCH286,181,152.13481837418635,93.2628605591371,14.11009292559265,4,174.27039491736755,2.3825023884602605,5193.172788836747,3929,34,4646.81026358338,94.4319574766198,7569.245205857467,4122.504146703701
MCH287,158,157.75208296798888,86.30480139867115,4.8177400845220735,3,94.19290945192898,3.879229092634932,3305.015672164587,2220,19,4154.349249539056,73.8478754672131,20437.327963384276,2201.53350803408
MCH288,190,174.8482562880254,91.12679819606048,11.180726004988545,3,52.147291650058996,0.9561780389892162,3197.533494821393,4956,45,4213.45117066834,86.15147004497847,35012.1193341758,1026.029733858758
MCH289,184,132.20099217343588,90.59032775518472,2.836852543287673,2,160.6804277842295,1.7503374924037052,2930.023968831325,3780,2,4077.76107922759,74.00794724092876,9613.813920251061,1480.807016942813
MCH290,168,145.14621666064124,88.8963067564049,9.557047788905518,4,175.12168955010137,1.7434359880963413,2518.7159128969415,1422,0,1956.7887152469063,84.68878331977832,5536.309234020894,1410.8824482168775
MCH291,197,172.80097515307315,95.85130170532878,15.367103249009675,0,161.07141979302787,2.444085174175277,3025.852244067064,3619,46,3943.372251894764,95.39231788122603,11286.15676713224,2644.1141755569547
MCH292,165,183.71241026123195,92.43813602618157,7.603858960540659,1,71.42754309512578,4.9116593342398325,3421.2789938955507,4681,0,1144.2261101503684,69.25430569037636,37208.11668848579,1248.41344432159
MCH293,152,160.70064652693998,86.21569323861472,13.633322765257143,3,163.01418833854535,0.8037614600771987,4695.976832582922,1170,16,3459.722662741791,76.16966568428157,48775.716574539976,705.4757882677231
MCH294,169,161.92680911591893,88.30274802924717,16.113549255004855,1,165.33841731614615,2.8341544747126775,2250.259368877806,4453,1,3387.058550082475,99.73060785718985,49237.91148266692,706.0851680074276
MCH295,173,136.43032068038656,95.24888145489393,18.6163785701096,0,148.78107735050824,1.307141069054947,2842.027758661372,3220,28,615.064095903806,94.74228112997844,27229.061711308455,2958.0533659815733
MCH296,182,156.84474200940727,86.1419628923545,5.458199555253618,1,164.91738991933795,4.868044454343849,5236.094561166706,3710,19,4045.865601159192,82.58559431584808,44120.853544655634,3700.320515361955
MCH297,173,161.9570359873014,97.76810371073154,8.587002400376853,0,176.88821595165982,1.009865771273589,2587.687694335083,1452,5,4564.616472928087,80.66510367417101,38157.190508817686,1675.51174330787
MCH298,160,144.54823021808377,92.42719790520961,3.8959042532779313,2,142.04061713561876,2.3162045106271605,3370.5805860900864,3397,7,1703.3687531244846,71.38401529218724,27546.810664307155,269.7884780886837
MCH299,198,146.15459385696286,92.20879865989971,19.857186541009128,3,63.29070709545186,3.8204824317557278,5458.63568743256,4973,28,4155.758258837679,80.68837710774118,30774.223982978903,723.4019459913526
MCH300,157,152.63704978627737,93.88611676989277,18.61301839056161,0,123.14417145008163,3.670494926123504,2619.7012445737705,2975,47,870.8268733787669,93.92725993119788,11175.221597759199,4582.003345651579
MCH301,185,131.2042718666636,97.37021448887724,11.259185475330632,1,61.64740020074076,2.4022788660226952,2330.9473424727594,2657,32,3199.855362174797,87.40698053111123,47194.76572774664,2518.3639319883196
MCH302,187,149.3247499349907,90.2171381185329,16.998632593152003,3,111.13145465486463,2.059358755787232,3938.1519803200435,3541,2,2685.410894004247,71.60176112711946,20836.839682929953,2322.5067671143565
MCH303,189,142.6868804197927,95.17024228838595,10.898201568168801,2,111.06597336884414,2.2892557034879175,3209.678045114146,3667,34,2956.6558998905,68.05855684214131,25076.71654057263,286.4409737194455
MCH304,169,149.64984113067487,93.48597945993687,12.848128072052434,3,59.90147662103624,1.6892431842138769,4253.633457935417,4075,4,4667.923408479553,70.60834147987316,35224.71039490544,3670.3214093528054
MCH305,184,137.18572790915508,89.00542405254131,2.6933642102043156,0,102.3230800954219,1.423998224180599,5215.2195619339,4164,26,4420.918612610841,66.79036805571306,20025.611218694925,2687.5335965671866
MCH306,197,183.4316368443937,98.17944979532737,15.35013798943935,2,66.64971481869722,2.673678639015005,2548.593952610973,3966,43,4032.876457578907,63.82562784094864,16441.662244501873,1090.1965868239517
MCH307,174,165.6155472132429,96.96139032410392,3.4265561890694616,1,171.23528150138333,1.708401902304233,4322.79633821714,3053,11,1731.6430595526695,76.7654469776822,33397.22269715993,639.3614248871802
MCH308,184,170.74613914866939,94.87677751987638,16.69528497479804,2,192.1532038946706,1.7935774920376255,4022.0350415594557,1287,19,4603.183829087412,64.5319841759307,6124.283702683226,1978.6005317967927
MCH309,174,177.3502743164403,97.75872593641363,15.858533665737331,2,60.84747128869079,3.4554022856355067,2576.315144052798,2641,44,938.7846160874386,66.87650230908417,37432.63004120055,4202.093624555626
MCH310,178,159.90653193574343,98.00941301439704,14.466149257116552,4,193.2672810937552,4.858417992649515,4495.99394211593,4217,19,4339.981474514545,81.89298737357944,28131.051644442938,4339.94334008502
MCH311,167,135.21521728524542,95.62544465072553,1.6870472299704802,2,128.38648990051178,3.216367402517188,3094.5616714430867,4854,8,1976.720325591235,66.58397094798299,32258.91787344205,3053.9472639386186
MCH312,195,162.22639250911288,97.55519992545509,6.759438762961244,2,94.93485169308109,0.8464076017923483,3951.33727417605,2447,38,741.9754024789252,62.555190697236114,33434.60716610983,3664.928493427699
MCH313,167,165.21046708125274,95.46207192503925,5.999138828306014,3,61.52931129142453,0.8401262623433015,2329.0892971082476,2913,3,3512.1064290833674,72.69555400111541,28717.257042165365,664.2633582740648
MCH314,151,174.72636845105978,95.2021115764045,7.842591741958863,1,125.09364021056267,4.781404493805047,3838.336228854492,1607,18,1540.7596774217996,68.8127639448787,31214.019984833118,2981.8177207924887
MCH315,184,155.89957277378076,94.27917067322777,2.6652121885129323,3,169.1773316736123,1.8378085563830013,3225.853872171281,1456,37,1596.0700663908437,80.61220751977507,35770.46904004435,3368.131947087191
MCH316,165,137.65481816773382,96.29074959336462,18.802198637590195,3,156.06297159000474,0.9143014373711394,5289.524844741418,2764,26,1877.2122480294718,64.09468338332837,38890.348123085336,1083.4929302775818
MCH317,190,147.02655434792348,87.3790765793961,11.522242573535149,0,57.53390171959607,3.195700642176717,2227.9149079894732,2225,44,786.5814537613253,90.07083150731913,37735.35760787543,4412.758191260269
MCH318,185,151.7849377839181,98.21306138798393,6.8049619025024475,3,60.93527530518553,3.3064195023061975,3674.42909967332,2235,42,1297.072148892143,96.24934077740554,44132.74059795178,1055.4840138529967
MCH319,182,168.75503447989607,98.07765291617848,8.542648824411385,4,110.43099239489557,3.418271690534097,3833.725696525752,2029,12,523.1283241350213,89.73740695824777,13524.954492533125,1636.0390632476071
MCH320,153,164.24669828013472,85.43870924551838,9.496848269591878,4,94.29357410719149,1.7033091253589359,4900.024305196475,3671,12,2504.3428449760404,81.31308149605577,23051.658627130888,3140.728550414947
MCH321,182,151.36580355387076,97.38725125847144,12.411292333851728,0,84.85764845840717,0.5679980789651377,4297.150300360844,3423,21,879.1491983808708,94.4267128715554,47650.822970650566,3227.915319140581
MCH322,163,189.19091492757877,86.93304801210168,10.797909126233458,1,92.15067483630705,4.842569162545123,4668.849348776725,4962,27,3571.9367226988957,87.7967351912603,22846.575847384836,3526.9852308380996
MCH323,170,166.34648916141322,90.02678281388712,18.46844749107393,1,170.5224114945327,1.6290187056099612,5108.197142607025,1446,46,1560.3028303624178,60.42204489800759,10619.15346076652,648.8573940342078
MCH324,197,144.23360750415966,96.15262384437412,10.442306175210774,3,189.3842080447781,3.5421182962364637,5448.811894632755,1834,44,4746.083648158297,75.76360611098012,28645.03068629808,4262.375706649921
MCH325,169,136.1069483572242,87.41139844072462,19.85100228164294,3,110.76540417913496,3.6798344144541932,3255.501986889882,4177,21,4420.632323293937,94.03807597627201,9927.093764950798,2710.950948187973
MCH326,157,139.17154835105993,97.26950536178593,17.17707419715682,3,185.91665031987455,3.245033376857686,4152.090821455611,4722,42,1802.484027356937,73.83435431901077,14128.395742753934,2409.476791114835
MCH327,156,144.7574637030705,97.48201266936613,4.96169977278938,1,98.2243551871823,1.908083273961417,5360.432313756799,1810,18,4024.4695459550544,61.40860694102094,49924.344045693055,4907.378360116197
MCH328,152,139.64088239557333,92.61201600641255,18.68130907823441,2,121.46554795156874,1.719933141938296,5957.804523860226,2424,7,4114.602070991628,89.8471855420909,29361.31872782594,3727.8536550109966
MCH329,166,141.19402144307836,85.09578807575251,3.210961559824046,4,83.90434967239996,3.189507272162164,5558.077244175052,4167,7,4939.534013514847,92.08153081131474,17782.627506819306,678.2295304349369
MCH330,182,147.10571012163084,89.30557199762369,16.53154446133264,2,146.07140632637658,4.397430351252612,3485.8690504975075,2411,41,3190.279940805582,66.42374780173235,49764.87295582578,3807.0419194085794
MCH331,197,140.4024157176853,94.25390377563613,8.231842576055023,2,196.84716727622134,4.76030178015528,2780.6660688746015,1958,25,868.8458058964799,81.49361987372725,48495.15133498144,566.7197764670605
MCH332,161,183.8059254775855,99.71779267041136,17.68151208845632,1,140.5239644065068,0.9765761198169094,3957.5701496263546,2475,47,3410.7675301687145,67.67821755982904,24833.256848791858,234.6057563136258
MCH333,171,134.81402473969854,94.47720290525002,17.493077112041558,2,103.67211261703233,1.1967287566897393,4966.565807344169,3896,25,3312.4088676921583,88.76937676176587,16718.139895455875,2077.766886822496
MCH334,171,161.47068337421527,88.8970537159624,16.3125826022348,0,147.17261689857924,4.751313164523858,3970.2762830131906,1808,22,3372.577598391943,70.86201820709942,42727.98371414855,4968.533046814172
MCH335,195,154.6238096193797,94.51008554649417,16.010578289834164,3,68.43810176980813,3.8144085275065667,3932.723453254674,1978,42,1882.155416468952,72.64860490253321,37202.932263730356,956.931287354827
MCH336,179,188.94271701451638,93.09978069573783,6.788903642862775,0,183.2988620398098,4.473472211733979,5352.9216843272025,4972,12,4368.558132861498,93.79883414560405,35912.36457515796,3395.957283281271
MCH337,187,136.72233413008314,96.69768092726716,2.537466377973791,4,125.46259261697546,1.4118468536090443,3445.6151162687456,3463,27,4817.624823299354,79.05289408827618,45190.11835951127,949.6407244099848
MCH338,187,153.8713359427445,86.60470958240438,8.656623396538068,3,117.4024613059463,3.1441364199923085,5439.178699246582,1725,8,1479.7063084016818,86.79017804872991,36023.77102420961,3651.456177296092
MCH339,194,188.16822599652212,96.41541853753043,4.296965784743665,2,137.8797182680279,3.6551281748786315,3627.2192038068943,4575,19,896.6847116149,76.09492202889871,17770.90743686971,2576.232974365348
MCH340,157,181.93042755363882,93.11899868014166,14.204070689146773,4,143.71757941841037,3.560503484511377,3312.9324227133575,3501,18,1375.4076492581785,71.92027428775022,36223.84228440795,3431.861379437944
MCH341,176,179.0243242569568,99.44488005788492,7.575894804217925,3,60.76637093397696,2.3366826089001416,3815.959644798796,4362,47,4192.484626650735,85.01912241698645,18761.60800776488,1094.0785619797496
MCH342,176,145.4741696226964,90.1280824905803,19.53659381633838,2,152.39258318351034,0.5692770126108881,5049.787834699474,4605,38,3544.9008566893135,66.19430296315285,39165.754084564775,3753.5788293504597
MCH343,183,140.25325524340394,94.48932839700922,13.178469469561309,0,86.28975204732944,3.123167255619184,2504.008111455977,2216,11,3362.21304052607,74.91999342267452,32888.653452120474,4978.533392151263
MCH344,170,170.11859319546585,98.98042158265027,16.627130709052857,3,157.09289487598846,1.6389569263082393,2785.6768634880696,3197,14,2308.06910799241,68.36148149543689,8483.519839313776,3361.687453067203
MCH345,179,185.76255934765516,86.53764591986018,3.51796878209512,2,173.3802191576295,2.5261441076430065,5805.779302652368,2903,30,3100.225871801461,87.83179867762982,28077.591309581392,2518.0519905571005
MCH346,182,163.40577358083578,99.05842730854677,17.37827516317983,0,170.59377613287805,4.809114567877178,2701.9665095254295,3806,13,1885.4335637346533,97.7683535338443,20448.543613808342,4623.552544234398
MCH347,177,164.29676136819398,95.3182858345122,18.532386619754494,4,132.87514511118337,2.295658929390956,4270.909271724218,1778,10,2647.400357380826,99.82043872063466,19785.67847295324,177.67402693619385
MCH348,196,146.79874561961705,86.01755588657758,10.254176457559781,4,128.02548384661267,4.27910722998992,4317.257866647751,1972,25,4068.7836276679514,78.01107241766363,32101.533606976576,3676.6252445005234
MCH349,182,176.1695759915162,89.51445350420224,12.518805817268571,4,71.43139420091175,1.3484327258716302,3958.497848200979,3810,41,4915.58718854958,70.10121558545778,19504.61710112412,4454.857932387683
MCH350,154,141.2226249134514,95.62258132967922,15.531386217156914,4,166.30192256047036,3.5260722411126295,4578.980994307274,4049,26,4696.200156154108,77.71317481537297,39960.21866921927,402.2054597426915
MCH351,197,149.42075418425463,86.01025902203158,4.321933917947838,1,90.71140706700716,4.8965312949752455,2919.306903190474,2538,10,4702.39674280812,93.89077639850896,8185.614620502849,2305.314435037215
MCH352,168,155.52618631698502,93.73255690264409,10.548755452805405,3,124.50431342269198,0.9585189539282155,4210.649071106993,2416,37,2310.0068068120054,68.2402271420816,34717.471357812145,1103.1253243549945
MCH353,153,160.4566227210673,90.18824585429435,8.574597527673948,3,92.64111393912751,0.537439740022364,3488.6930209875886,4387,33,2609.554462280559,98.08382606611696,41413.76616455336,2875.9390113803674
MCH354,184,144.54458394490482,94.31373276651216,3.7811058510827333,1,70.07425444995397,2.4511225668467644,4646.669038516757,3123,42,3675.359283660417,73.67463075192605,35277.42604641935,3282.7604971579367
MCH355,198,136.89020948435223,85.6861305071877,7.983154023539098,2,144.4336545337605,0.9168146737311524,2564.894173492598,1598,18,4649.863676230779,99.43214637801219,27375.31377589981,1582.8535963508996
MCH356,166,166.63720254649795,98.07305209228565,2.2952738783243776,2,58.14980522343558,3.8677295735430413,4283.509667357905,4341,5,1138.974167084381,93.5443555013585,47763.81561812815,2353.910181422694
MCH357,193,147.31783319441536,99.60233453766095,1.4904262320402526,4,162.29678511893002,4.615468987318515,2741.081421533295,1224,45,1869.088387222381,92.34282136589562,18497.232040912862,1468.7634778551414
MCH358,177,164.87429328535674,99.53316782928538,3.5681594939416326,0,97.6380192891675,2.453094377189415,3114.5722524601456,2553,37,1126.6108006734928,72.71618695093134,5862.554938624,1910.0167058300574
MCH359,179,139.26176291645214,96.24477747614387,19.299187120194304,2,50.0202039506728,1.6642023896994842,2874.839201294333,3160,48,3254.038384817549,60.35108847791718,24439.521715854837,881.7457877732755
MCH360,178,158.86840611128906,86.95129360195948,11.441061182005322,0,126.66937088558447,2.454814935529744,2731.351119475268,3298,41,1878.3544859939188,75.28531635303952,6485.537115514726,4439.241273569594
MCH361,195,161.95536595309517,96.37394793893534,19.35062106191118,3,57.02778627914047,3.7555151803250046,5302.8438062426685,4304,27,1967.4853363065806,72.07237478650775,47927.15386368839,149.0510117397685
MCH362,155,133.1094122093456,85.36880374688202,9.217459688272507,0,91.42543367313492,0.5407437271116694,3142.8302706435616,1840,0,819.1218176959067,61.49587961635189,14446.312058662317,4423.805013574563
MCH363,184,150.19625669163523,85.33185327293496,6.924506528619932,3,156.04647311835743,3.1525429526811375,5708.495127457798,2814,34,2074.082278134164,80.21461026023718,40501.71607769957,2901.2265039137187
MCH364,190,138.06488061633846,89.85415328724312,10.616695393964637,1,59.40344324327988,3.259812581993206,5879.706101380763,1713,39,4381.234283307134,76.12125245130946,39855.74374284642,1725.1234364673858
MCH365,186,133.80249822836606,92.32964785606998,9.350722084025293,1,175.90077385340035,3.36959711103171,4285.041879748389,2106,7,1548.8276535087573,85.38225870966099,14797.800485732008,3642.979914755616
MCH366,173,189.39761394339672,96.5561112671169,3.007629000973134,4,50.572988398787466,1.5890993599139476,2572.0044906629055,1124,46,3628.3435979452956,84.84745288776332,32955.193871607524,2587.985544127055
MCH367,178,149.34123069848337,95.24943064909758,13.175699979113919,2,87.02358038028534,3.7132372552015704,3498.192973518325,4246,6,3333.3275522236668,64.8298654358672,7163.553581890259,2545.632424727272
MCH368,198,178.5924667512781,91.68854059565122,5.1047254676823925,4,161.13560842281072,0.9112616884929938,5190.929053392856,2092,10,4385.6807376610195,99.0786218450649,26760.856356674038,639.6971863029355
MCH369,195,145.27843928582584,89.10439999422499,12.772171143058761,3,97.44052245939602,1.3967165141006037,3469.562914788282,4118,38,1095.295764429672,67.47725717765788,5659.120727261903,2008.6285271325025
MCH370,180,170.89016333343577,99.95686750236567,13.353820755564914,4,65.28385820990204,4.448615209945169,2348.068873211155,3931,3,4899.154821552695,77.81096099058819,46451.47460813788,1281.2152946980095
MCH371,184,175.61367159338118,91.39271953353959,3.888472209444314,0,104.03508782006418,3.8242541782695487,4227.139643712751,2279,24,3121.8289071816453,79.5247017373494,48923.871088980726,176.90993742177028
MCH372,182,165.73832443647066,91.77080536494513,2.165642915102695,3,90.55899295767884,0.5618549930510537,5380.48340598414,2750,11,4979.633685560664,92.52251188856481,15002.724498736337,1864.488190832355
MCH373,170,158.2945713130095,87.45435731787504,15.834470135300357,1,176.40678532408322,1.617693171664101,5183.705548574009,1029,25,4601.8162663963285,63.96918384378587,14364.771556836775,540.1284341854632
MCH374,181,154.71045484883612,96.92214323124894,9.736208051617083,2,97.00218763777147,1.4648291734692405,2700.492560521413,3328,37,1496.8277245089762,77.14577116834127,38917.40794529583,1358.4671848534074
MCH375,172,150.93209599257972,95.40523338672233,2.10511211460404,3,168.33987076640108,1.7186284761663766,4691.058457649867,3971,45,752.7290445649089,85.14008680944815,16402.07294732005,553.3314437971628
MCH376,182,185.77174865486955,88.3115441918314,19.902460026225576,3,183.7808217216102,1.6140189662594888,2882.0170537425884,3017,11,1650.375922079127,68.60622486496223,45278.445162283024,594.6139652263544
MCH377,152,179.83716446726373,86.23571568423765,2.097830658930966,0,115.07261293647943,0.7813683308428059,2872.830138208689,4308,42,2874.0364204973894,85.09871595064291,30826.8111255342,1075.1553426344226
MCH378,167,187.90161463999075,95.2074895311207,14.20566934831251,2,186.4914715781588,2.5652323246856916,5496.287093220741,4319,36,1272.183651793355,96.94659350198611,20784.993035464046,4999.261297983361
MCH379,174,137.4578334091327,94.81766821421704,19.68989958000486,1,106.59770809447892,3.7973006365377433,2998.675810960921,3415,45,1253.5688503309484,99.900725246907,42471.2185857239,110.70230000051899
MCH380,191,173.85204851221866,89.09889290497314,5.5444219801025865,3,194.61176247351622,3.2302927612284638,3052.989386072045,1494,23,2581.670961973189,61.29804307162703,27203.301518602784,3229.4959169899857
MCH381,180,186.30042740926228,99.26295343375615,3.7027380050567276,3,63.39342867883594,3.527922508691359,2002.6135630451981,4096,15,649.705870262113,69.4235291297871,46023.4811168814,792.094120330131
MCH382,152,140.87398396993962,87.2658683767135,3.306313849026149,0,153.0528899754864,0.8651713034130761,5482.67613650207,2609,12,1048.496371395217,72.4122846316679,46760.64065282214,4611.077869882802
MCH383,189,133.98977604200664,91.48502201563903,6.762227803784316,4,124.0721060685393,4.7817081957955425,5170.379252836539,1717,24,2371.376027335764,75.96504401779865,12443.90684577842,558.8011773347832
MCH384,195,174.46723895740354,99.15423880251399,2.919870409202287,1,108.14732081834705,4.273213252293612,4509.315740362712,4561,3,784.084591435849,69.69028630339069,5104.5532759368625,4779.809616918559
MCH385,173,164.4683867907947,91.29590975389183,14.151065492188506,2,144.90678181229015,4.122906433230482,5001.063055755369,2016,10,2285.3977540498818,68.1395197822125,49276.8923064081,3093.5392986690417
MCH386,199,180.50972660549633,94.57788921496129,2.1835441644711913,3,155.57856374514967,4.203427122687954,2608.1942696979672,4565,31,2633.028196768003,98.1821536967,45776.18912573657,106.2135768859022
MCH387,181,138.38634259757737,90.96391596944191,10.679020434846004,3,50.654490447546365,4.697197286597426,3833.2943783503015,2337,48,2530.699763329015,96.74086411082072,7495.035606672864,4480.635269792349
MCH388,196,177.7160387115934,89.11322803523005,19.937240223206558,1,75.0429633120798,2.9491428475116397,3404.8775493951234,1605,6,4411.286858313893,61.879700040124696,42486.54187734815,2656.3878266978995
MCH389,171,142.09763920286468,99.75966471939742,16.46543512061436,4,156.9569075951478,1.4012690804043166,2375.106105028066,1374,45,2885.281047732796,73.55252086419392,25601.2219651643,1387.0817031193742
MCH390,172,139.81935657194228,91.14001009472564,12.689169326389207,3,149.95781203673096,3.2755262353364354,3944.5219408596963,3686,10,2605.9120811511953,76.20594214713627,16653.272226123885,3859.6679698265875
MCH391,151,139.85594787585958,98.41148805518702,6.818818794945622,1,194.9071257693016,3.8429667215057255,5682.958601370541,2960,27,2348.191604262498,69.56058138663774,44543.593565461844,4640.661214045663
MCH392,176,178.8744832138829,88.4493190883663,12.85402088954113,0,164.15566853761743,3.8206282700931142,2160.236476202778,2048,40,4179.3052023701875,85.15491587952702,13850.025457563826,2470.08503341929
MCH393,191,169.911833241772,88.19657056037624,11.01378781432138,4,192.6159061597007,2.8465206087509607,3165.8436539751756,2357,22,4527.754717999249,85.61522986576963,47628.49997390301,1646.2120247712433
MCH394,151,161.38392548614715,85.46701124326768,9.095584293917058,2,155.38107523022103,0.8080642370011013,2830.163744822814,4426,44,4339.591111387029,94.02016913314388,14252.96694647035,3965.831107281141
MCH395,175,151.52982904741015,94.77500238063827,3.48349715806379,3,94.70783129591646,2.170008222935575,2952.586614662785,1115,22,3530.959601591259,89.63477073540872,32615.74344779346,3440.7489391634276
MCH396,166,182.6320324487865,90.52789515585641,17.845480089568866,1,65.80473833762846,4.643449738085108,5633.738207517501,3095,49,1118.1278568590342,81.70293307863822,15038.88505380387,4454.887170376334
MCH397,189,153.54670644535813,97.96537374759455,9.545908327605128,0,167.27357950174036,3.130020093908417,3872.276216937161,4809,27,1745.914862714055,86.1434708017768,29555.089923588563,3493.3186625298454
MCH398,182,178.99596636829463,92.09814860037336,4.697827724594536,2,146.6223832213874,2.92249374465071,3865.1976517592752,2801,42,707.2837865688984,70.95955126172072,35778.88084618136,1293.2888606077279
MCH399,158,156.3480945142131,99.52290141872082,7.987427666668503,1,57.227901858994436,1.709840814719871,5042.3025698211295,3146,46,4688.708337455513,83.72224759869431,13560.25688690619,4665.130323819193
MCH400,192,152.61666576549445,87.78288273554682,8.868465298049614,1,104.00756988514675,2.158020139624605,2617.9688160197034,2482,25,3473.5933836090967,79.56909018999677,28439.860221530565,613.6951613093574
MCH401,197,157.76078714017638,98.02934751933417,16.72322001577061,2,193.51997232264293,4.529057401189261,3949.061416400203,2546,24,3858.632979409587,65.33377869265482,26107.688497555355,1412.9194755235546
MCH402,188,148.08267244984853,96.64895279187613,14.93867323066664,0,125.06017185653019,3.499083713870761,3719.940856484239,2620,28,1902.0728281200302,69.70177106331883,8196.683963150355,2648.9535778470395
MCH403,178,174.85656281057507,96.56382766966078,15.616792979185457,0,114.9093704029557,4.043241620385498,4387.642762186624,3452,18,4305.44085024804,71.66773802886344,41823.85179538863,2872.135927747417
MCH404,191,160.16322340554876,97.6717484217533,1.209594024144297,4,118.6549407738941,2.5445544038044483,5998.2308130017545,4285,32,1668.2147766881533,96.97238268210232,20105.708028927875,175.0218744718366
MCH405,175,143.93276170880904,96.41535986414499,8.906925965415468,3,81.33240860077456,3.3361124875527106,5077.795576328188,1684,35,507.3969070060236,69.21546557543557,30856.19888983458,3924.8063565226057
MCH406,184,183.9744743964741,94.39330482447123,10.145538881071149,2,105.30607562971929,1.6177262393444338,3591.462812069709,3950,13,2193.8673313431227,71.56975611278673,28165.29057199105,1871.8758602844086
MCH407,199,153.0334732823927,86.96867316523581,1.364653259638077,2,105.47198839807649,3.674573736275688,5310.2122090961875,3550,13,3068.4266643158303,74.7741652035773,28096.7227056699,2091.4508509104753
MCH408,174,162.61317166683932,85.48789269236877,5.93645096615565,2,57.85325302812086,2.4242060016650178,2682.8334532499207,4792,34,2654.1718608448514,86.54970954501547,9825.007739381936,4065.9107677410343
MCH409,173,184.38832665787282,98.8127177172353,15.445506639320564,0,165.13514427768774,2.491454816666355,2121.8547452358407,2471,29,4379.342641594687,64.72953569888563,24056.690416219975,1958.4886194649682
MCH410,162,167.45427975483952,94.24975471781107,3.605084408850982,3,112.47566478558184,3.4219504605959674,2817.793489857092,3941,27,974.3237868027512,98.15780849975104,25356.50416429566,331.4018948242986
MCH411,156,137.01388244250185,96.94805936464265,11.170892497599242,4,173.32698302246348,4.71326279661017,3361.6462244570384,2599,16,2992.2054828517653,94.62284880379059,38013.92781640018,964.5548753047166
MCH412,185,186.38992741680852,92.22283527268826,5.088835568327513,1,177.55220016798432,0.7880285597387942,4042.3230298382396,3305,2,2808.4070741940836,83.08864292035801,42800.84743643143,4783.925544702093
MCH413,194,167.66248318428507,86.75962283443592,1.230294718233972,1,81.79910820479871,4.211344568061534,4460.516562164799,3891,15,1766.2684197747335,86.96151469699828,29524.20251450081,444.9862757723194
MCH414,169,150.09433687942516,86.87778688303825,5.5828276943912885,2,148.6030223255193,1.815723996854869,5642.422868857687,3168,45,4200.026506596548,60.66641884976864,8905.232932924571,1839.1628847432794
MCH415,150,138.35632435980324,95.28347930843456,19.54160134329102,3,120.84227062444725,2.4976375452787,4039.416038201831,1809,29,3887.8189514699284,73.55779101393794,15658.226176844582,2565.5779185515885
MCH416,157,177.64151135621776,91.45458842349194,16.2292051257768,0,182.02351068822276,0.5986099794875404,4005.102578502918,1977,28,3797.8663429932394,91.82640922645768,12422.031208372897,2517.076053958944
MCH417,195,167.20436535571082,88.00787090050505,19.231956242099635,3,82.36110187646813,1.8547073502544087,2200.9720392919285,3101,44,4442.866152213002,63.09931895169544,10607.677843510613,119.40372075949949
MCH418,165,162.0076655185793,92.37391820112155,10.269226834600886,3,151.67198004650663,2.761840591835587,2139.646210624895,4066,14,3752.530702796845,71.29255336842881,21465.46843780134,2555.6973841417025
MCH419,163,183.63355498305745,85.96313405612702,3.0849877748725665,0,141.1628183379084,0.7527923480634755,4204.639847665489,2354,45,1543.285812716269,83.41187313337245,15322.707596947192,1980.4850440893051
MCH420,161,177.31583267347185,93.72957102871598,11.411230290500166,2,94.29522163577491,2.709930782224243,3752.714452993378,1783,24,3675.0322024236098,70.25652110795767,14823.640031518053,4863.18874382533
MCH421,172,139.10049278396508,89.03490106652646,9.633169356639257,3,70.49013554767589,4.671997829862923,5356.7215799211945,1240,37,1884.6626602542974,97.35911896578077,7461.192855932044,879.8795115697661
MCH422,164,148.7033240677329,96.96338650955782,17.042784572052703,1,147.7459640715915,0.9742694814851235,2642.7183388473804,2778,41,1589.7859265636175,65.24234523217162,5795.152015794525,1835.3555641215255
MCH423,177,144.90934838886795,89.6554293838536,2.8635690349006473,0,160.7896187198496,3.9399832763397695,2099.8866484681985,2553,46,828.5161680483229,91.89577431631115,9624.570919240181,2155.459276940117
MCH424,183,174.6367775543606,91.82830223622702,10.276581603413785,4,97.3441015645025,2.343519740191967,3796.1550717205037,1482,37,3848.1286115645453,80.31794767625632,12748.886574063486,2014.398331794649
MCH425,151,132.01194608414676,85.17430809862151,3.850924629185701,2,146.72489060334706,3.448281715359521,2949.9142270090297,2012,22,3699.5043287741505,90.01323103279825,24394.26779816914,3362.5710554941265
MCH426,181,164.193381092279,86.08670331691839,7.168842610911139,0,109.2696361417255,1.671064690933532,2198.45749335535,1186,24,1555.2476495334217,72.4286131324579,27973.41175844801,1156.0130019840674
MCH427,172,175.74752114444144,90.88740334610027,15.009784470368194,4,156.98103249239267,1.2177151814361122,4898.393147390516,2881,41,3872.2055752587016,80.57958409248155,11326.63631780145,1183.25060878856
MCH428,171,182.60593820570497,92.19908252075685,10.044344458006565,4,79.88229123410797,1.222081764220519,2446.37199982899,3703,6,4630.2839739209885,94.27341398892705,24115.250368588382,3673.13364765418
MCH429,174,150.52490492295445,94.00030822178955,8.141877417769617,3,183.53225039542616,0.817213755394151,4433.278000031087,3309,21,986.1303087121066,78.67512396492418,20378.697904666726,2551.42354152308
MCH430,171,179.27543828032077,89.37493868063954,8.495049292830672,3,93.11143946983697,1.3354101720555935,3124.199000667557,1952,16,1546.8648727404873,74.38879447641078,13254.063957408021,2134.2628126808213
MCH431,171,136.63790421731244,95.42472829189813,9.729488599713747,3,105.16789816342293,3.488987232450357,2693.984201420088,2387,17,3876.17357339292,81.44621545010943,5307.83366667636,929.0949532185339
MCH432,198,180.7871375040711,97.90183595783807,15.915314332904082,0,58.71379281205247,4.467607753295786,3519.00609167727,1490,48,1735.280030781852,88.69451012145467,26015.803993478377,1018.8833922696164
MCH433,191,137.64931973991895,96.69776483340024,17.949609089864452,0,66.72683184819147,4.163565585160228,5205.783104891814,1430,40,3310.9878842767257,77.7425338199401,35854.328716933975,151.70302039791267
MCH434,155,153.83723743362202,85.59428238022535,19.151359043574637,2,127.37928540684922,3.5831043944351784,3568.374307618291,1238,9,865.2390100867153,97.55507900569091,15182.480036471316,547.9887174223752
MCH435,164,177.83772194677323,92.20760420886744,15.951164338850607,3,90.13890150919573,0.9969433853499621,5003.078596844223,3351,9,2534.911155965924,71.79783296169369,10931.307345350571,2828.509603982181
MCH436,192,138.99504564092643,86.57395267627263,6.992731019212242,4,175.32203386132915,1.8013435083317741,2501.945187196603,3345,6,3825.9113989682887,79.01854424676482,44916.923500113284,4470.178337041209
MCH437,186,143.7550837139585,88.63067523793791,14.0745594156443,1,52.204008298243075,1.8941309389511103,5091.085678660316,1075,47,3589.3127436946365,90.27710637365766,17376.1147619509,1507.1073491397315
MCH438,182,173.335154103584,99.7999388990072,9.314459357052446,2,106.86410730079044,1.6248062587892955,2947.7332996265945,4771,49,4167.82445304113,87.56484361983033,15062.567890669916,1705.961406891028
MCH439,157,173.20219219276447,87.1374331435227,5.838741818874972,0,100.6018320153639,2.817525468693754,4709.572519555491,2356,37,4448.53456971426,94.54564209668624,43569.362282446215,666.4674919964098
MCH440,193,168.46885797311785,92.48332230177034,16.97656000909253,2,52.899144637640156,2.9099921669585265,4263.126219363985,2923,26,3979.325755664412,99.87236722724435,41769.81946250426,2004.2916334748036
MCH441,193,171.636906668026,94.27233601477178,1.7301006302841748,2,68.65525985007653,2.105986888269996,5716.578868846749,4046,32,3522.144843225167,77.07433315180359,25175.59117360851,282.3863523897129
MCH442,154,162.56346660085578,95.53697455816156,18.133477850573048,2,112.0464012377953,2.092051214313962,3549.290071901256,2781,0,642.7512131721402,64.44603519133247,27015.748764249853,4596.243411683311
MCH443,188,145.10794353441716,93.39473025230372,9.76807182786995,2,123.929687667117,4.228500190577366,2264.6607553377617,3689,43,2907.350030342498,61.21663523231872,14798.691717530988,3398.24560581019
MCH444,153,150.74175961023516,85.14656271128776,13.106828059357328,1,110.64346208823036,4.051817817438585,2076.6219422050117,4545,33,669.6397621168376,89.07507624559086,8523.575171580087,4954.6691660267725
MCH445,155,140.89586300808554,89.89691962365988,13.527724521909871,3,129.64065176181407,1.8850812425633554,5307.434243891013,1826,3,4136.305177022102,94.96054685234863,30804.43214100475,4425.8334971246195
MCH446,194,184.50703368001768,92.76567465077068,18.007237073424193,4,139.26975123585223,4.612047997429666,4098.942550645728,4994,16,1943.2603600698092,68.82850343777675,9425.52147155959,2417.653909120948
MCH447,181,165.00350768596724,86.3179974871725,13.09672396117694,2,51.488573169175346,4.787667576511277,5100.976207339797,3330,3,3030.932183530644,66.33792148759623,25217.354613049243,2646.4566526368467
MCH448,179,154.05108500581838,90.25940396813772,12.664738110441174,2,119.61427391802559,1.9703414391351837,2937.7024000460588,1590,42,1757.5038829350617,62.48820366102764,47322.37393308548,1033.8226279342498
MCH449,196,157.72034821864796,85.4980466318705,2.2663887706531094,2,194.52488613313824,2.0949122695687468,3380.3349820529347,3119,25,4021.2506497113213,92.90811686868825,47877.5475126763,2363.9927799138227
MCH450,184,186.83700037670891,86.1786774573253,10.849752416958877,3,127.85484201943231,2.7753536903988145,2120.415488845276,4334,3,4489.261369888562,72.45527759570338,15769.952894631137,4524.8365801147775
MCH451,189,139.2010841869648,90.95384914302394,3.8532110155237915,0,151.63134011884296,4.735043656401531,5845.969298296448,3750,0,2293.891223958788,76.06787571039106,33085.10390205445,349.1817758155235
MCH452,165,165.17378992100782,86.9907363106459,15.011241605708227,0,96.77957868753248,4.4434374491404025,4671.4716268032535,2902,6,4383.150770799451,80.1100076643845,26333.431884853595,4331.428334691717
MCH453,162,160.35332073306796,93.51311272392337,10.732216495440815,1,166.0987067229144,0.9615558316261541,5732.820351037225,2910,29,1701.8375335534959,93.57812936838204,44405.83074137477,1770.6442280487877
MCH454,199,166.68725412607887,95.34197453705899,13.924327804958713,0,165.93822228141727,2.267288344721373,3061.9856297162896,1574,49,2905.974153839857,86.0333288624594,17214.388892422394,4507.612548971918
MCH455,191,131.08661102925043,97.00880048663625,1.791785111445301,2,128.19440714812083,2.9901703538739732,4445.854444902643,4047,8,4364.426434274168,84.60258519431245,5166.608307458759,4710.311541073275
MCH456,179,182.3274345366491,88.00225366367215,2.6110483048702613,2,196.40207349188205,2.76409612648193,4713.999873170551,1891,34,1966.4660417710568,67.02688399823643,12315.254266913678,3387.237946309339
MCH457,168,185.92709694901674,87.51223873388605,14.610144373190963,2,68.83253221439801,1.3723838057160171,3270.198801030354,3059,7,4793.190192851386,80.52759566839319,20728.52605262291,3355.6765543041215
MCH458,166,163.90799101535254,86.568517605016,2.3696023839747937,1,52.54214973343715,4.364675470256696,5392.43694006252,1140,23,1048.4577580162263,88.61524068714621,19207.450839671987,2318.4962547728264
MCH459,168,171.79904943261354,94.54645374315456,2.3538778275399133,2,165.5237317635644,3.546233523485768,5788.645851600992,2789,18,582.237813755778,98.93043532121968,40611.33136052987,4194.1471002641665
MCH460,177,185.34996287063774,95.59713589730352,1.2300610294628616,0,171.07333060473238,4.270587686833116,5539.420470784017,4626,35,4568.6090866018585,68.05625236853409,35625.229976247705,4811.902516323088
MCH461,175,172.4343180588039,85.47379217238463,19.17352656769012,3,68.03108436808644,4.364439257072625,4956.267903757491,1016,49,808.9189976654251,60.38173412268907,18480.034382670376,3897.9008216616844
MCH462,186,139.15234257485568,99.04318369365535,15.012658829721133,3,89.83742494379092,3.867601341495829,3109.8587188998163,2086,42,4963.501381763713,63.01205734393879,25598.471772479603,3147.489995407875
MCH463,175,164.5773016100088,85.77956925477208,7.711776761539219,4,52.632854504994334,2.4764477056237277,3126.464168422527,1252,26,4781.285878905977,75.03409860727916,9300.159678125085,3073.2851895245503
MCH464,172,166.40290278297135,93.11944502951606,6.634176044465449,0,93.9962916170847,3.2474603975694105,5853.441281784151,1464,31,1116.594095163443,92.82178590983949,45416.590016904534,4262.402517759945
MCH465,158,155.44784027814316,95.63590779176374,7.644361365171141,2,165.97128108780072,1.2216443275388442,2041.137983742768,1375,13,2919.130815616546,60.285683270729805,47094.117100184034,2751.898452279362
MCH466,161,174.18665413748337,98.06453685619128,15.718417092442456,3,127.69407915688684,3.5314043786370846,4864.199892968578,2827,17,1332.1413386021495,78.26922371543361,49091.15909214222,4038.913442619231
MCH467,150,186.06202088614089,95.71130398198642,13.566041610337873,0,102.21433897524321,1.3066396508267633,4824.984650221049,4028,27,2426.6982786355393,73.16922461365579,44084.87738536269,2593.5377503538043
MCH468,150,185.53411077440657,97.02592124604688,4.518715789481891,3,105.76089423594954,3.622773157295706,4490.75816379919,1519,28,776.413081669247,62.0992684039891,12828.239946330148,405.9769473722282
MCH469,196,157.0503622842479,90.0917528881421,4.308077371347602,2,50.203043857320225,1.533191723392859,5960.435384347464,2860,15,1507.660645084653,78.0094514669047,7078.841744073297,1981.3403436303606
MCH470,183,136.79428275044532,97.22237670619768,2.869517344554549,3,94.97007913478538,1.0289808506759899,3247.517743054901,1089,34,2134.727583795048,70.18994829346875,31081.85273357033,2277.7606925903438
MCH471,181,189.09047193774006,86.20172269577013,13.545751674325425,4,146.96881124568958,1.2437802056433085,3359.8874551729928,1719,46,2473.9137511072468,74.07539337388026,46067.226209739965,793.9245004344243
MCH472,197,180.33388518675605,98.42224984090791,15.523080582212984,4,196.12916657245356,0.5089646084858162,2315.7576117862222,3851,30,4898.733161940019,88.22461219137172,12980.811274688429,602.2320130271428
MCH473,174,137.479760872196,93.21388564230604,6.035882138175077,3,177.05912404758493,3.734328280340886,3771.1925461749497,3843,3,4135.395405577916,80.86203935643869,5316.931158086384,2723.7782533190752
MCH474,189,185.25051295704233,97.2594665494374,1.3979542595873435,0,53.53924469682937,3.795804720762706,3044.1941049393927,1629,36,3818.3447494037578,64.98589715971254,41247.322071450995,517.2038191248025
MCH475,194,182.19378172372768,91.78477426777451,2.5612616820521197,0,184.7840907012259,2.8172000746096675,3373.546808710577,2884,16,2916.685916338884,98.45658161694556,8455.80579290303,1584.4313226614115
MCH476,150,161.13028342756434,94.65366542794787,19.389340662055577,0,167.47976199479388,1.2261326047492267,5338.28716102251,4246,38,4279.989922719546,85.43643062838953,23616.77143595137,3748.525182219072
MCH477,165,165.47652614469575,92.8960399140417,6.613450772070985,3,167.05641853564705,0.8759945187981039,5741.938054109984,1075,47,2026.9527604507,90.63473702650126,35549.930173495326,4825.717679883106
MCH478,188,153.94016223220783,95.97384282632999,15.615239808924539,0,118.69936385053572,0.5860803489677915,2742.9322880207424,4684,45,3690.0460074799225,63.168526000334836,15655.891345528105,3617.56584470445
MCH479,154,133.2856983293219,86.22444973045884,12.868607808231012,2,109.70079394317543,1.2458667963434933,3490.035726213863,1925,25,4972.027889201774,61.88233517840076,8778.315355102703,4963.865187419064
MCH480,171,150.11183449875406,85.90528125985846,8.256853153405022,4,95.4373593249789,4.50884990742416,5714.522248461577,4734,47,1915.8300902083945,60.777922014723245,39650.95528051229,3521.8560592690733
MCH481,178,178.1712069158807,88.7065485101522,4.908057981715547,2,59.854228843154864,1.586915787657568,2247.2338427568907,3447,38,3533.078906977853,67.55176111093778,33357.87881991686,1539.5929062062048
MCH482,152,130.27792138027618,87.39317020169783,3.306341945028722,0,84.23530452405487,2.0942209724774705,2369.442112445514,2805,40,4299.416888685721,76.57633590873981,49482.07180190621,3393.0574484762733
MCH483,161,150.00995030146865,98.07675349888302,12.685246392738465,2,86.9905452467037,0.9740546801659993,2651.1639568249175,1969,3,4621.134125078025,97.43304533611291,20493.86149939817,3540.568149464829
MCH484,175,153.8901216154566,88.28820981037066,15.718041832117972,0,122.61156045653024,1.5006258713667662,4380.8513365075,2094,29,3730.697109230458,78.28238637063106,7779.3073830589865,1921.4622246206568
MCH485,165,162.24373617627538,99.63797883728697,13.234180817281484,3,162.1166609895041,2.836510568510923,2601.88908402399,3028,29,1776.235655377113,71.61020421490117,38045.75159008831,186.79786798600617
MCH486,186,185.19133698476563,90.05343687656661,11.075740531734008,2,121.071474259692,3.2348870739304365,5872.305525802934,4251,21,1968.2696820602591,82.47741014078653,28478.003848396052,3545.678945399886
MCH487,171,150.7807596619577,87.73176873533049,1.797073245201089,3,58.67666741707409,1.6040854137479497,3786.8581090340813,4195,10,593.411144557839,64.47738312539157,14594.176912511079,206.33046685015393
MCH488,178,150.81719211377367,96.84547760713718,19.401286774293293,3,193.66847014823057,0.7597947165130274,4006.0718414006656,2404,1,3923.9868995217935,84.38023564019933,40177.804505214175,3192.8215824943486
MCH489,163,174.2500748865849,94.88061663251314,16.175569641436915,1,191.40864786411683,2.259647911073294,2986.634463221626,4364,43,692.3282272787812,82.73727817322013,14168.996863247468,901.7207948385199
MCH490,177,157.13307645338844,92.47293574679708,6.56361869731833,0,167.77843147226127,1.5539151691685036,3883.841009738934,3844,11,4390.935595712355,91.6797213362284,16729.774467482144,2871.457285965412
MCH491,154,143.4762893763989,93.33045326406447,19.619436257818162,4,198.6991852346331,1.4879926545341087,4647.654530548047,1194,29,1033.9727651354247,99.46750446468096,9163.784946502361,2569.17382436494
MCH492,196,157.14637096796162,95.78802667408395,12.43575020309012,0,131.67234992003944,4.819382612210549,5004.708547816172,4982,35,1273.4443046116592,70.03493886864442,22974.45255638845,166.2168473002946
MCH493,198,138.45142122278799,88.42682111996947,12.066030505937682,4,194.4152525379809,3.2733521866657584,5015.4723308396515,1227,17,2644.369118745068,80.38625803215042,23851.815077183852,1878.042503276007
MCH494,179,140.5832191903734,99.94500874085114,15.21339040916111,0,61.34075609251262,3.0059529942744314,4311.564450776354,4502,25,3820.4618682593405,96.35461625276014,28155.280565673427,3045.3467202418833
MCH495,195,159.90206636436878,99.62189743220175,16.423625973712614,3,104.8521122392057,2.3709879658549484,5617.439099975429,2459,6,1125.5099233958495,91.40759537691366,36903.39202056998,4258.172104304021
MCH496,154,155.13552697027288,94.75488529520405,13.473093539298551,2,83.80719020101488,2.4302495004356492,5269.631389224438,4858,0,2480.319837799243,79.49625212403231,45774.54179061916,4454.346357798934
MCH497,161,184.890754064086,87.99313676393717,3.4338191809578005,2,79.37496262014051,2.9340725172713635,5028.192458794501,1460,25,2672.8307348454714,97.81486598459111,11198.034449951389,2470.864853162794
MCH498,165,151.743633946998,95.20342363646937,7.42708261389547,1,71.12044233390141,3.6339341316624827,2222.4220867218423,1617,22,1455.285387508661,62.28946774067238,7445.664425689567,3669.270187767247
MCH499,175,164.8353010166826,86.08297613468764,18.633589166194945,4,143.36204623489948,3.6596574328182325,2027.5118488785972,4092,25,1020.0126950628428,97.23994478850335,5833.905511744998,1650.6274250139425
MCH500,175,167.93585727517183,85.4597875330871,5.267696625033187,4,167.19827836209578,1.2726225846745232,2849.7891087818916,1063,44,4263.894153435378,62.020295695312264,11462.96201309673,1776.7133882174214
